ID,month,year,readability,age,age_LAV,length,weight,fin,mean eye d,sex,stage
1,9,1982,3,15,8,645,407,NA,NA,f,FV
2,9,1982,3,23,NA,630,390,NA,NA,f,FV
3,9,1982,NA,NA,7,630,445,NA,NA,f,FV
4,9,1982,3,15,6,500,218,NA,NA,f,FV
5,9,1982,3,10,5,415,113,NA,NA,m,FV
6,9,1982,2,17,6,690,490,NA,NA,f,FV
7,9,1982,3,17,5,510,230,NA,NA,f,FV
8,9,1982,3,20,7,680,570,NA,NA,f,FV
9,9,1982,2,18,NA,585,328,NA,NA,f,FV
10,9,1982,3,18,8,665,473,NA,NA,f,FV
11,9,1982,2,19,NA,660,471,NA,NA,f,FV
12,9,1982,2,19,11,690,464,NA,NA,f,FV
13,9,1982,3,21,5,530,268,NA,NA,f,FV
14,9,1982,3,14,5,575,270,NA,NA,f,FV
15,9,1982,3,16,7,525,209,NA,NA,f,FV
16,9,1982,3,19,7,580,300,NA,NA,f,FV
17,9,1982,3,21,9,695,552,NA,NA,f,FV
18,9,1982,2,10,4,440,161,NA,NA,m,FV
19,9,1982,3,11,3,425,120,NA,NA,m,FV
20,9,1982,2,14,6,515,219,NA,NA,f,FV
21,9,1982,2,13,5,380,83,NA,NA,m,FV
22,9,1982,3,16,7,590,329,NA,NA,f,FV
23,9,1982,3,20,6,625,368,NA,NA,f,FV
24,9,1982,3,19,7,490,206,NA,NA,f,FV
25,9,1982,2,12,5,535,240,NA,NA,f,FV
26,9,1982,2,22,5,450,154,NA,NA,m,FV
27,9,1982,3,18,6,630,422,NA,NA,f,FV
28,9,1982,2,11,4,375,89,NA,NA,m,FV
29,9,1982,2,11,6,390,125,NA,NA,m,FV
30,9,1982,3,18,8,660,508,NA,NA,f,FV
31,9,1982,2,14,4,425,129,NA,NA,m,FV
32,9,1982,NA,NA,7,395,94,NA,NA,m,FV
33,9,1982,2,22,6,660,435,NA,NA,f,FV
34,9,1982,3,17,10,670,532,NA,NA,f,FV
35,9,1982,3,20,8,640,425,NA,NA,f,FV
36,9,1982,3,20,9,670,573,NA,NA,f,FV
37,9,1982,3,23,6,560,298,NA,NA,f,FV
38,9,1982,3,18,8,520,237,NA,NA,f,FV
39,9,1982,2,17,6,600,355,NA,NA,f,FV
40,9,1982,3,14,4,420,118,NA,NA,m,FV
41,9,1982,3,19,6,595,370,NA,NA,f,FV
42,9,1982,2,21,7,670,500,NA,NA,f,FV
43,9,1982,3,23,NA,635,441,NA,NA,f,FV
44,9,1982,3,22,9,625,424,NA,NA,f,FV
45,9,1982,2,16,6,590,341,NA,NA,f,FV
46,9,1982,2,20,10,730,515,NA,NA,f,FV
47,9,1982,3,15,6,650,469,NA,NA,f,FV
48,9,1982,3,18,8,585,376,NA,NA,f,FV
49,9,1982,3,22,NA,600,344,NA,NA,f,FV
50,9,1982,3,19,8,595,411,NA,NA,f,FV
51,9,1982,3,16,6,630,424,NA,NA,f,FV
52,9,1982,NA,NA,7,540,273,NA,NA,f,FV
53,9,1982,NA,NA,4,400,92,NA,NA,m,FV
54,9,1982,2,17,7,590,365,NA,NA,f,FV
55,9,1982,3,17,9,620,405,NA,NA,f,FV
56,9,1982,3,19,8,550,278,NA,NA,f,FV
57,9,1982,3,21,8,520,281,NA,NA,f,FV
58,9,1982,3,17,8,645,496,NA,NA,f,FV
59,9,1982,3,20,7,610,356,NA,NA,f,FV
60,9,1982,3,16,NA,520,268,NA,NA,f,FV
61,9,1982,NA,NA,6,485,204,NA,NA,f,FV
62,9,1982,NA,NA,5,425,121,NA,NA,m,FV
63,9,1982,3,19,7,635,424,NA,NA,f,FV
64,9,1982,3,20,8,615,396,NA,NA,f,FV
65,9,1982,3,18,7,620,372,NA,NA,f,FV
66,9,1982,3,19,8,580,309,NA,NA,f,FV
67,9,1982,1,17,6,655,538,NA,NA,f,FV
68,9,1982,3,17,NA,655,456,NA,NA,f,FV
69,9,1982,3,16,6,425,117,NA,NA,m,FV
70,9,1982,NA,NA,NA,690,581,NA,NA,f,FV
71,9,1982,3,17,7,485,158,NA,NA,f,FV
72,9,1982,2,11,5,425,124,NA,NA,m,FV
73,9,1982,3,20,6,585,296,NA,NA,f,FV
74,9,1982,NA,NA,8,645,365,NA,NA,f,FV
75,9,1982,3,18,7,530,287,NA,NA,f,FV
76,9,1982,2,13,6,595,335,NA,NA,f,FV
77,9,1982,2,26,12,880,1543,NA,NA,f,FV
78,9,1982,NA,NA,7,470,200,NA,NA,f,FV
79,9,1982,NA,NA,NA,505,246,NA,NA,f,FV
80,9,1982,3,15,7,595,426,NA,NA,f,FV
81,9,1982,2,17,7,640,472,NA,NA,f,FV
82,9,1982,3,13,6,590,321,NA,NA,f,FV
83,9,1982,3,15,7,620,429,NA,NA,f,FV
84,9,1982,3,18,10,640,445,NA,NA,f,FV
85,9,1982,3,17,4,400,100,NA,NA,m,FV
86,9,1982,2,20,6,500,203,NA,NA,f,FV
87,9,1982,3,18,6,535,238,NA,NA,f,FV
88,9,1982,3,20,6,560,338,NA,NA,f,FV
89,9,1982,3,20,7,665,471,NA,NA,f,FV
90,9,1982,2,12,7,605,382,NA,NA,f,FV
91,9,1982,1,20,NA,865,1527,NA,NA,f,FV
92,9,1982,3,16,6,500,215,NA,NA,f,FV
93,9,1982,NA,NA,6,560,292,NA,NA,f,FV
94,9,1982,3,20,7,630,413,NA,NA,f,FV
95,9,1982,NA,NA,6,625,359,NA,NA,f,FV
96,9,1982,3,24,10,655,521,NA,NA,f,FV
97,9,1982,3,15,10,640,460,NA,NA,f,FV
98,9,1982,3,22,11,660,473,NA,NA,f,FV
99,9,1982,NA,NA,6,495,199,NA,NA,f,FV
100,9,1982,3,21,5,575,317,NA,NA,f,FV
101,9,1982,2,31,7,680,546,NA,NA,f,FV
102,9,1982,2,23,7,520,280,NA,NA,f,FV
103,9,1982,2,25,8,565,319,NA,NA,f,FV
104,9,1982,2,27,8,640,401,NA,NA,f,FV
105,9,1982,3,20,5,540,277,NA,NA,f,FV
106,9,1982,3,19,6,455,146,NA,NA,f,FV
107,9,1982,3,21,8,550,271,NA,NA,f,FV
108,9,1982,3,19,5,430,121,NA,NA,m,FV
109,9,1982,3,18,6,450,183,NA,NA,f,FV
110,9,1982,3,18,5,615,390,NA,NA,f,FV
111,9,1982,3,19,NA,580,340,NA,NA,f,FV
112,9,1982,3,21,6,485,184,NA,NA,f,FV
113,9,1982,3,25,6,545,272,NA,NA,f,FV
114,9,1982,3,22,6,480,231,NA,NA,f,FV
115,9,1982,2,19,6,635,444,NA,NA,f,FV
116,9,1982,2,12,5,420,125,NA,NA,m,FV
117,9,1982,NA,NA,6,590,350,NA,NA,f,FV
118,9,1982,3,31,9,620,436,NA,NA,f,FV
119,9,1982,2,18,6,675,527,NA,NA,f,FV
120,9,1982,3,20,7,615,401,NA,NA,f,FV
121,9,1982,3,27,5,590,387,NA,NA,f,FV
122,9,1982,1,19,5,570,331,NA,NA,f,FV
123,9,1982,3,23,7,590,409,NA,NA,f,FV
124,9,1982,NA,NA,NA,530,259,NA,NA,f,FV
125,9,1982,2,26,8,660,384,NA,NA,f,FV
126,9,1982,2,24,8,710,535,NA,NA,f,FV
127,9,1982,3,27,6,635,417,NA,NA,f,FV
128,9,1982,2,21,7,670,445,NA,NA,f,FV
129,9,1982,3,23,8,580,319,NA,NA,f,FV
130,9,1982,3,28,10,665,598,NA,NA,f,FV
131,9,1982,3,29,7,645,425,NA,NA,f,FV
132,9,1982,3,21,7,670,450,NA,NA,f,FV
133,9,1982,3,15,NA,665,537,NA,NA,f,FV
134,9,1982,3,21,6,750,657,NA,NA,f,FV
135,9,1982,3,20,8,670,521,NA,NA,f,FV
136,9,1982,1,17,8,700,541,NA,NA,f,FV
137,9,1982,2,20,NA,650,458,NA,NA,f,FV
138,9,1982,2,24,8,625,366,NA,NA,f,FV
139,9,1982,2,20,6,655,440,NA,NA,f,FV
140,9,1982,2,14,NA,640,463,NA,NA,f,FV
141,9,1982,2,15,6,560,328,NA,NA,f,FV
142,9,1982,2,28,7,620,432,NA,NA,f,FV
143,9,1982,3,19,6,600,390,NA,NA,f,FV
144,9,1982,NA,NA,7,615,460,NA,NA,f,FV
145,9,1982,3,22,8,620,415,NA,NA,f,FV
146,9,1982,3,20,6,630,437,NA,NA,f,FV
147,9,1982,1,8,NA,245,17,NA,NA,u,FV
148,9,1982,3,26,7,645,414,NA,NA,f,FV
149,9,1982,2,18,7,615,416,NA,NA,f,FV
150,9,1982,3,12,5,390,102,NA,NA,f,FV
151,9,1982,3,22,6,495,191,NA,NA,f,FV
152,9,1982,3,21,NA,460,164,NA,NA,f,FV
153,9,1982,3,18,5,595,458,NA,NA,f,FV
154,9,1982,2,19,6,610,387,NA,NA,f,FV
155,9,1982,2,22,7,615,392,NA,NA,f,FV
156,9,1982,3,21,8,640,453,NA,NA,f,FV
157,9,1982,3,20,14,870,1492,NA,NA,f,FV
158,9,1982,3,24,8,605,393,NA,NA,f,FV
159,9,1982,3,17,6,645,432,NA,NA,f,FV
160,9,1982,3,18,8,615,344,NA,NA,f,FV
161,9,1982,3,30,7,635,399,NA,NA,f,FV
162,9,1982,3,20,7,590,329,NA,NA,f,FV
163,9,1982,2,19,9,705,604,NA,NA,f,FV
164,9,1982,3,23,5,410,107,NA,NA,m,FV
165,9,1982,3,25,7,620,428,NA,NA,f,FV
166,9,1982,3,21,8,600,350,NA,NA,f,FV
167,9,1982,2,18,8,640,389,NA,NA,f,FV
168,9,1982,3,17,8,640,463,NA,NA,f,FV
169,9,1982,3,17,7,690,553,NA,NA,f,FV
170,9,1982,3,17,7,640,447,NA,NA,f,FV
171,9,1982,3,28,10,625,320,NA,NA,f,FV
172,9,1982,NA,NA,4,405,109,NA,NA,m,FV
173,9,1982,NA,NA,NA,635,417,NA,NA,f,FV
174,9,1982,NA,NA,4,475,165,NA,NA,f,FV
175,9,1982,2,17,8,725,731,NA,NA,f,FV
176,9,1982,2,18,6,605,389,NA,NA,f,FV
177,9,1982,3,14,7,570,304,NA,NA,f,FV
178,9,1982,NA,NA,NA,630,379,NA,NA,f,FV
179,9,1982,3,16,10,640,397,NA,NA,f,FV
180,9,1982,3,14,6,500,221,NA,NA,f,FV
181,9,1982,3,18,6,550,246,NA,NA,f,FV
182,9,1982,3,20,7,590,373,NA,NA,f,FV
183,9,1982,3,19,7,640,456,NA,NA,f,FV
184,9,1982,3,22,7,490,197,NA,NA,f,FV
185,9,1982,3,17,5,420,125,NA,NA,m,FV
186,9,1982,3,21,6,620,378,NA,NA,f,FV
187,9,1982,2,28,7,575,259,NA,NA,f,FV
188,9,1982,3,24,7,540,257,NA,NA,f,FV
189,9,1982,2,15,6,625,425,NA,NA,f,FV
190,9,1982,3,17,6,455,221,NA,NA,f,FV
191,9,1982,3,20,7,510,193,NA,NA,f,FV
192,9,1982,2,16,8,600,382,NA,NA,f,FV
193,9,1982,2,18,NA,535,216,NA,NA,f,FV
194,9,1982,2,17,9,660,605,NA,NA,f,FV
195,9,1982,NA,NA,5,420,117,NA,NA,m,FV
196,9,1982,3,26,9,650,454,NA,NA,f,FV
197,9,1982,3,20,8,595,378,NA,NA,f,FV
198,9,1982,2,23,8,645,380,NA,NA,f,FV
199,9,1982,3,25,7,620,440,NA,NA,f,FV
200,9,1982,2,18,5,470,169,NA,NA,f,FV
201,9,1982,3,22,9,610,370,NA,NA,f,FV
202,9,1982,3,21,7,595,340,NA,NA,f,FV
203,9,1982,2,11,6,550,324,NA,NA,f,FV
204,9,1982,3,21,6,575,293,NA,NA,f,FV
205,9,1982,3,22,NA,525,240,NA,NA,f,FV
206,9,1982,1,21,7,655,463,NA,NA,f,FV
207,9,1982,3,18,7,490,213,NA,NA,f,FV
208,9,1982,3,28,NA,650,419,NA,NA,f,FV
209,9,1982,3,20,6,620,414,NA,NA,f,FV
210,9,1982,3,17,5,620,429,NA,NA,f,FV
211,9,1982,3,21,7,585,374,NA,NA,f,FV
212,9,1982,3,23,7,680,537,NA,NA,f,FV
213,9,1982,2,24,9,680,558,NA,NA,f,FV
214,9,1982,3,27,9,690,588,NA,NA,f,FV
215,9,1982,2,23,5,620,412,NA,NA,f,FV
216,9,1982,2,23,8,630,370,NA,NA,f,FV
217,9,1982,2,15,9,620,423,NA,NA,f,FV
218,9,1982,NA,NA,5,490,220,NA,NA,f,FV
219,9,1982,3,20,6,655,500,NA,NA,f,FV
220,9,1982,2,18,9,645,430,NA,NA,f,FV
221,9,1982,2,24,8,635,545,NA,NA,f,FV
222,9,1982,2,25,16,1070,2249,NA,NA,f,FV
223,9,1982,2,27,NA,610,393,NA,NA,f,FV
224,9,1982,2,19,9,620,401,NA,NA,f,FV
225,9,1986,2,17,10,595,402,NA,NA,f,FV
226,9,1986,2,17,10,560,338,NA,NA,f,FV
227,9,1986,2,20,7,455,152,NA,NA,f,FV
228,9,1986,2,15,9,655,512,NA,NA,f,FV
229,9,1986,2,13,10,620,376,NA,NA,f,FV
230,9,1986,1,15,11,665,482,NA,NA,f,FV
231,9,1986,2,16,8,560,227,NA,NA,f,FV
232,9,1986,1,12,11,610,434,NA,NA,f,FV
233,9,1986,2,16,9,600,389,NA,NA,f,FV
234,9,1986,1,16,8,645,481,NA,NA,f,FV
235,9,1986,2,22,7,540,287,NA,NA,f,FV
236,9,1986,2,24,10,630,458,NA,NA,f,FV
237,9,1986,2,20,14,635,418,NA,NA,f,FV
238,9,1986,2,20,10,645,467,NA,NA,f,FV
239,9,1986,3,20,8,480,201,NA,NA,f,FV
240,9,1986,1,15,9,590,323,NA,NA,f,FV
241,9,1986,2,20,7,630,350,NA,NA,f,FV
242,9,1986,2,18,8,620,417,NA,NA,f,FV
243,9,1986,3,16,9,605,405,NA,NA,f,FV
244,9,1986,3,14,10,585,357,NA,NA,f,FV
245,9,1986,2,18,8,535,226,NA,NA,f,FV
246,9,1986,2,17,12,660,441,NA,NA,f,FV
247,9,1986,2,17,9,625,473,NA,NA,f,FV
248,9,1986,3,20,8,495,205,NA,NA,f,FV
249,9,1986,2,15,8,462,175,NA,NA,f,FV
250,9,1986,1,18,11,685,524,NA,NA,f,FV
251,9,1986,1,19,8,635,412,NA,NA,f,FV
252,9,1986,2,13,7,610,445,NA,NA,f,FV
253,9,1986,3,NA,5,400,111,NA,NA,m,FV
254,9,1986,2,20,5,570,269,NA,NA,f,FV
255,9,1986,1,19,9,625,442,NA,NA,f,FV
256,9,1986,1,8,7,585,294,NA,NA,f,FV
257,9,1986,1,14,9,575,346,NA,NA,f,FV
258,9,1986,2,14,9,475,195,NA,NA,f,FV
259,9,1986,2,12,8,605,439,NA,NA,f,FV
260,9,1986,2,10,4,405,120,NA,NA,m,FV
261,9,1986,2,10,7,620,395,NA,NA,f,FV
262,9,1986,3,15,7,610,227,NA,NA,f,FV
263,9,1986,3,11,8,670,460,NA,NA,f,FV
264,9,1986,2,13,NA,610,394,NA,NA,f,FV
265,9,1986,2,14,11,635,406,NA,NA,f,FV
266,9,1986,1,15,8,620,439,NA,NA,f,FV
267,9,1986,3,17,7,655,438,NA,NA,f,FV
268,9,1986,3,17,10,635,396,NA,NA,f,FV
269,9,1986,2,17,7,405,113,NA,NA,m,FV
270,9,1986,1,18,11,575,348,NA,NA,f,FV
271,9,1986,2,27,11,660,418,NA,NA,f,FV
272,9,1986,1,16,12,585,344,NA,NA,f,FV
273,9,1986,2,14,8,595,331,NA,NA,f,FV
274,9,1986,1,16,7,620,399,NA,NA,f,FV
275,9,1986,2,20,8,665,458,NA,NA,f,FV
276,9,1986,2,17,13,605,506,NA,NA,f,FV
277,9,1986,2,18,13,650,477,NA,NA,f,FV
278,9,1986,2,21,13,635,417,NA,NA,f,FV
279,9,1986,1,17,12,600,336,NA,NA,f,FV
280,9,1986,2,23,8,660,536,NA,NA,f,FV
281,9,1986,2,15,11,620,355,NA,NA,f,FV
282,9,1986,2,14,6,525,247,NA,NA,f,FV
283,9,1986,3,22,8,650,463,NA,NA,f,FV
284,9,1986,3,16,8,585,305,NA,NA,f,FV
285,9,1986,2,18,7,650,482,NA,NA,f,FV
286,9,1986,2,14,7,645,462,NA,NA,f,FV
287,9,1986,2,17,7,515,273,NA,NA,f,FV
288,9,1986,3,20,8,605,379,NA,NA,f,FV
289,9,1986,2,16,9,590,352,NA,NA,f,FV
290,9,1986,2,19,4,550,364,NA,NA,f,FV
291,9,1986,3,13,7,510,217,NA,NA,f,FV
292,9,1986,1,19,9,600,390,NA,NA,f,FV
293,9,1986,2,18,9,645,478,NA,NA,f,FV
294,9,1986,2,19,9,645,549,NA,NA,f,FV
295,9,1986,2,16,10,595,375,NA,NA,f,FV
296,9,1986,3,20,10,465,173,NA,NA,f,FV
297,9,1986,2,17,9,630,517,NA,NA,f,FV
298,9,1986,2,14,10,625,463,NA,NA,f,FV
299,9,1986,1,19,12,870,1519,NA,NA,f,FV
300,9,1986,2,16,9,490,188,NA,NA,f,FV
301,9,1986,1,16,7,655,485,NA,NA,f,FV
302,9,1986,3,14,6,495,236,NA,NA,f,FV
303,9,1986,3,19,9,605,399,NA,NA,f,FV
304,9,1986,1,15,9,575,301,NA,NA,f,FV
305,9,1986,3,18,9,580,321,NA,NA,f,FV
306,9,1986,2,13,6,410,130,NA,NA,m,FV
307,9,1986,2,20,9,615,478,NA,NA,f,FV
308,9,1986,2,17,8,480,203,NA,NA,f,FV
309,9,1986,1,19,11,685,500,NA,NA,f,FV
310,9,1986,1,17,13,605,398,NA,NA,f,FV
311,9,1986,3,16,7,625,448,NA,NA,f,FV
312,9,1986,3,11,10,680,449,NA,NA,f,FV
313,9,1986,3,16,8,630,424,NA,NA,f,FV
314,9,1986,2,20,10,640,461,NA,NA,f,FV
315,9,1986,2,14,4,600,315,NA,NA,f,FV
316,9,1986,2,17,12,615,414,NA,NA,f,FV
317,9,1986,1,17,5,515,242,NA,NA,f,FV
318,9,1986,1,13,11,580,399,NA,NA,f,FV
319,9,1986,2,20,9,610,438,NA,NA,f,FV
320,9,1986,3,18,9,640,415,NA,NA,f,FV
321,9,1986,3,14,8,675,558,NA,NA,f,FV
322,9,1986,2,13,7,620,429,NA,NA,f,FV
323,9,1986,3,17,8,505,224,NA,NA,f,FV
324,9,1986,1,16,6,535,264,NA,NA,f,FV
325,9,1986,1,12,8,380,96,NA,NA,m,FV
326,9,1986,3,20,10,505,233,NA,NA,f,FV
327,9,1991,1,13,4,428,134.8,NA,NA,m,FV
328,9,1991,3,19,8,672,544.8,NA,NA,f,FV
329,9,1991,2,17,7,571,279.8,NA,NA,f,FV
330,9,1991,1,11,4,407,129.8,NA,NA,m,FV
331,9,1991,1,16,6,603,351.1,NA,NA,f,FV
332,9,1991,2,16,7,622,336.2,NA,NA,f,FV
333,9,1991,2,13,7,642,413,NA,NA,f,FV
334,9,1991,1,14,8,802,1097,NA,NA,f,FV
335,9,1991,2,13,6,672,598,NA,NA,f,FV
336,9,1991,2,16,7,631,464.6,NA,NA,f,FV
337,9,1991,2,11,5,577,362.6,NA,NA,f,FV
338,9,1991,2,19,6,674,573.2,NA,NA,f,FV
339,9,1991,3,15,6,465,163.6,NA,NA,f,FV
340,9,1991,3,16,7,642,549.1,NA,NA,f,FV
341,9,1991,3,16,5,623,514.1,NA,NA,f,FV
342,9,1991,2,17,5,628,396.1,NA,NA,f,FV
343,9,1991,2,16,5,649,443.4,NA,NA,f,FV
344,9,1991,3,18,4,604,358.8,NA,NA,f,FV
345,9,1991,2,14,7,633,408.9,NA,NA,f,FV
346,9,1991,3,15,6,640,393.3,NA,NA,f,FV
347,9,1991,3,16,6,702,611,NA,NA,f,FV
348,9,1991,3,18,7,615,368.3,NA,NA,f,FV
349,9,1991,3,16,5,440,154,NA,NA,f,FV
350,9,1991,2,14,5,556,337.1,NA,NA,f,FV
351,9,1991,3,15,7,559,250.9,NA,NA,f,FV
352,9,1991,3,15,6,555,306,NA,NA,f,FV
353,9,1991,3,14,4,591,473.4,NA,NA,f,FV
354,9,1991,3,17,5,602,350.8,NA,NA,f,FV
355,9,1991,1,12,9,724,798,NA,NA,f,FV
356,9,1991,3,23,6,635,394.5,NA,NA,f,FV
357,9,1991,2,15,5,677,590.3,NA,NA,f,FV
358,9,1991,3,17,6,554,293.3,NA,NA,f,FV
359,9,1991,2,15,5,553,299.7,NA,NA,f,FV
360,9,1991,2,14,5,575,325,NA,NA,f,FV
361,9,1991,2,17,10,928,1305,NA,NA,f,FV
362,9,1991,2,15,6,714,653.2,NA,NA,f,FV
363,9,1991,1,13,7,620,391.3,NA,NA,f,FV
364,9,1991,2,18,6,568,295.2,NA,NA,f,FV
365,9,1991,2,14,7,603,377.9,NA,NA,f,FV
366,9,1991,1,11,5,505,262.1,NA,NA,f,FV
367,9,1991,2,14,5,624,466.5,NA,NA,f,FV
368,9,1991,2,16,4,567,330.2,NA,NA,f,FV
369,9,1991,2,15,7,665,490.9,NA,NA,f,FV
370,9,1991,3,12,6,630,448.4,NA,NA,f,FV
371,9,1991,2,12,8,654,431.1,NA,NA,f,FV
372,9,1991,3,9,4,603,305.5,NA,NA,f,FV
373,9,1991,2,15,6,603,401,NA,NA,f,FV
374,9,1991,2,12,4,583,324.4,NA,NA,f,FV
375,9,1991,2,11,5,560,293.6,NA,NA,f,FV
376,9,1991,2,13,7,602,425,NA,NA,f,FV
377,9,1991,2,15,10,978,2024,NA,NA,f,FV
378,9,1991,2,12,7,610,474.2,NA,NA,f,FV
379,9,1991,3,22,5,560,299.1,NA,NA,f,FV
380,9,1991,3,22,11,947,1375,NA,NA,f,FV
381,9,1991,2,14,5,653,513.5,NA,NA,f,FV
382,9,1991,2,10,4,550,279.9,NA,NA,f,FV
383,9,1991,2,17,5,600,340.2,NA,NA,f,FV
384,9,1991,2,21,7,595,391,NA,NA,f,FV
385,9,1991,NA,NA,7,604,393,NA,NA,f,FV
386,9,1991,2,20,6,645,429,NA,NA,f,FV
387,9,1991,2,15,5,544,291,NA,NA,f,FV
388,9,1991,2,19,7,607,493,NA,NA,f,FV
389,9,1991,2,20,6,625,391,NA,NA,f,FV
390,9,1991,2,23,5,626,492,NA,NA,f,FV
391,9,1991,3,22,7,590,359,NA,NA,f,FV
392,9,1991,3,27,10,679,558,NA,NA,f,FV
393,9,1991,2,25,7,518,244,NA,NA,f,FV
394,9,1991,NA,NA,5,665,467,NA,NA,f,FV
395,9,1991,3,27,6,551,305,NA,NA,f,FV
396,9,1991,2,15,4,530,259,NA,NA,f,FV
397,9,1991,2,28,6,516,232,NA,NA,f,FV
398,9,1991,1,23,7,608,398,NA,NA,f,FV
399,9,1991,2,23,8,872,1401,NA,NA,f,FV
400,9,1991,2,30,9,649,413,NA,NA,f,FV
401,9,1991,2,17,6,490,200,NA,NA,f,FV
402,9,1991,3,17,4,502,196,NA,NA,f,FV
403,9,1991,2,19,6,562,291,NA,NA,f,FV
404,9,1991,3,22,5,527,249,NA,NA,f,FV
405,9,1991,3,15,4,610,327,NA,NA,f,FV
406,9,1991,2,18,6,547,298,NA,NA,f,FV
407,9,1991,3,17,5,590,366,NA,NA,f,FV
408,9,1991,2,19,9,677,533,NA,NA,f,FV
409,9,1991,1,17,4,627,456,NA,NA,f,FV
410,9,1991,2,19,4,600,371,NA,NA,f,FV
411,9,1991,2,17,7,642,460,NA,NA,f,FV
412,9,1991,3,18,6,627,400,NA,NA,f,FV
413,9,1991,3,17,6,610,367,NA,NA,f,FV
414,9,1991,2,19,6,613,414,NA,NA,f,FV
415,8,1991,2,23,7,628,439,NA,NA,f,FV
416,9,1991,2,20,7,582,346,NA,NA,f,FV
417,8,1991,2,15,6,611,465,NA,NA,f,FV
418,9,1991,1,13,9,616,432,NA,NA,f,FV
419,9,1991,3,21,7,543,293,NA,NA,f,FV
420,9,1991,3,18,8,605,418,NA,NA,f,FV
421,9,1991,1,15,4,584,348,NA,NA,f,FV
422,9,1991,2,24,6,622,391,NA,NA,f,FV
423,9,1991,2,22,6,624,416,NA,NA,f,FV
424,8,1991,1,9,5,390,114,NA,NA,m,MD
425,8,1991,2,20,7,561,339,NA,NA,f,FV
426,9,1991,2,24,11,683,522,NA,NA,f,FV
427,9,1991,2,16,8,404,126,NA,NA,f,FV
428,9,1991,1,13,9,589,367,NA,NA,f,FV
429,9,1991,2,22,9,506,239,NA,NA,f,FV
430,9,1991,2,16,5,466,169,NA,NA,f,FV
431,9,1991,1,19,NA,643,491,NA,NA,f,FV
432,9,1991,1,15,10,603,400,NA,NA,f,FV
433,9,1991,2,19,8,484,198,NA,NA,f,FV
434,9,1991,3,17,7,NA,214,NA,NA,f,FV
435,9,1991,1,18,12,598,350,NA,NA,f,FV
436,9,1991,2,20,10,605,393,NA,NA,f,FV
437,9,1991,1,18,9,637,427,NA,NA,f,FV
438,9,1991,1,20,12,602,371,NA,NA,f,FV
439,8,1991,3,18,7,472,126,NA,NA,f,FV
440,8,1991,3,26,9,610,427,NA,NA,f,FV
441,9,1991,1,16,10,666,651,NA,NA,f,FV
442,8,1991,2,17,7,655,498,NA,NA,f,FV
443,6,1991,2,22,7,583,390,NA,NA,f,FV
444,6,1991,2,22,11,732,698,NA,NA,f,FV
445,6,1991,2,26,8,827,805,NA,NA,f,FV
446,6,1991,2,18,5,534,308,NA,NA,f,FV
447,9,1991,2,19,7,624,428,NA,NA,f,FV
448,9,1991,2,14,6,421,127,NA,NA,m,MD
449,9,1991,2,18,5,647,492,NA,NA,f,FV
450,9,1991,2,17,8,608,415,NA,NA,f,FV
451,9,1991,2,18,7,518,227,NA,NA,f,FV
452,11,1991,2,20,6,625,406,NA,NA,f,FV
453,11,1991,2,25,7,654,390,NA,NA,f,FV
454,8,1991,3,24,12,573,376,NA,NA,f,FV
455,8,1991,1,17,10,580,323,NA,NA,f,FV
456,8,1991,1,14,7,395,119,NA,NA,m,MD
457,8,1991,2,25,8,590,412,NA,NA,f,FV
458,8,1991,2,27,10,986,2297,NA,NA,f,FV
459,8,1991,1,24,6,627,495,NA,NA,f,FV
460,8,1991,1,20,6,611,462,NA,NA,f,FV
461,8,1991,1,16,7,410,127,NA,NA,m,MD
462,8,1991,2,23,9,613,397,NA,NA,f,FV
463,9,1991,2,25,9,653,429,NA,NA,f,FV
464,9,1991,2,16,7,421,150,NA,NA,m,MD
465,9,1991,2,23,8,603,402,NA,NA,f,FV
466,9,1991,2,26,NA,557,345,NA,NA,f,FV
467,8,1991,2,22,11,608,405,NA,NA,f,FV
468,8,1991,2,22,6,595,306,NA,NA,f,FV
469,8,1991,2,14,7,562,341,NA,NA,f,FV
470,8,1991,1,21,5,566,294,NA,NA,f,FV
471,8,1991,2,19,6,541,294,NA,NA,f,FV
472,8,1991,3,18,8,588,343,NA,NA,f,FV
473,8,1991,2,22,6,663,435,NA,NA,f,FV
474,8,1991,3,20,7,578,313,NA,NA,f,FV
475,8,1991,2,18,4,560,311,NA,NA,f,FV
476,8,1991,1,16,5,407,117,NA,NA,m,MD
477,8,1991,1,22,5,578,314,NA,NA,f,FV
478,8,1991,2,19,NA,562,316,NA,NA,f,FV
479,8,1991,NA,NA,9,639,212,NA,NA,f,FV
480,8,1991,1,26,5,638,460,NA,NA,f,FV
481,8,1991,3,25,7,624,439,NA,NA,f,FV
482,8,1991,3,24,6,690,603,NA,NA,f,FV
483,5,1991,2,23,7,669,554,NA,NA,f,FV
484,5,1991,2,24,8,638,469,NA,NA,f,FV
485,4,1991,3,22,8,763,447,NA,NA,f,FV
486,9,1991,1,25,5,589,426,NA,NA,f,FV
487,9,1991,1,12,3,495,222,NA,NA,f,FV
488,8,1991,1,20,9,406,122,NA,NA,m,MD
489,8,1991,2,35,12,968,2126,NA,NA,f,FV
490,8,1991,3,34,13,947,2278,NA,NA,f,FV
491,8,1991,1,17,3,395,115,NA,NA,m,MD
492,8,1991,1,19,9,490,246,NA,NA,f,FV
493,8,1991,2,17,6,594,391,NA,NA,f,FV
494,8,1991,2,25,6,599,361,NA,NA,f,FV
495,8,1991,2,19,6,552,296,NA,NA,f,FV
496,8,1991,NA,NA,6,586,313,NA,NA,f,FV
497,8,1991,3,20,5,611,433,NA,NA,f,FV
498,9,1991,2,21,6,NA,364,NA,NA,f,FV
499,9,1991,1,13,9,547,272,NA,NA,f,FV
500,9,1991,3,19,11,596,392,NA,NA,f,FV
501,9,1991,2,22,8,589,340,NA,NA,f,FV
502,9,1991,2,23,10,608,446,NA,NA,f,FV
503,9,1991,3,28,12,629,450,NA,NA,f,FV
504,9,1991,2,30,NA,632,374,NA,NA,f,FII
505,9,1991,2,22,5,577,340,NA,NA,f,FV
506,9,1991,2,23,6,583,300,NA,NA,f,FV
507,9,1991,3,20,5,595,376,NA,NA,f,FV
508,9,1991,2,26,5,633,408,NA,NA,f,FV
509,9,1991,2,19,7,574,315,NA,NA,f,FV
510,9,1991,2,22,6,576,367,NA,NA,f,FV
511,9,1991,NA,NA,6,654,462,NA,NA,f,FV
512,9,1991,3,30,9,945,1866,NA,NA,f,FV
513,9,1991,1,13,5,605,392,NA,NA,f,FV
514,9,1991,2,27,7,621,404,NA,NA,f,FV
515,9,1991,2,23,7,674,552,NA,NA,f,FV
516,9,1991,1,23,8,742,612,NA,NA,f,FV
517,9,1991,2,17,5,602,339,NA,NA,f,FV
518,8,1991,2,26,4,481,212,NA,NA,f,FV
519,8,1991,1,12,5,416,120,NA,NA,m,MD
520,9,1991,2,24,6,594,318,NA,NA,f,FV
521,9,1991,2,16,6,431,162,NA,NA,m,MD
522,9,1991,2,18,6,556,336,NA,NA,f,FV
523,9,1991,1,21,6,NA,327,NA,NA,f,FV
524,8,1991,1,10,NA,371,75,NA,NA,f,FII
525,8,1991,3,23,5,627,449,NA,NA,f,FV
526,9,1991,2,31,7,664,452,NA,NA,f,FV
527,9,1991,3,19,6,628,491,NA,NA,f,FV
528,9,1991,2,21,4,576,333,NA,NA,f,FV
529,8,1991,1,16,4,569,248,NA,NA,f,FII
530,8,1991,3,22,5,639,421,NA,NA,f,FV
531,8,1991,3,20,5,520,291,NA,NA,f,FV
532,8,1991,1,16,5,484,226,NA,NA,f,FV
533,8,1991,3,25,6,645,534,NA,NA,f,FV
534,8,1991,3,25,NA,616,498,NA,NA,f,FV
535,8,1991,3,18,5,632,435,NA,NA,f,FV
536,8,1991,1,19,NA,635,430,NA,NA,f,FV
537,9,1991,2,21,5,593,375,NA,NA,f,FV
538,9,1991,3,17,3,413,144,NA,NA,m,MD
539,9,1991,3,19,5,503,246,NA,NA,f,FV
540,4,1991,3,20,6,665,515,NA,NA,f,FV
541,4,1991,3,22,8,656,445,NA,NA,f,FV
542,4,1991,2,24,9,890,1328,NA,NA,f,FV
543,8,1991,3,19,4,446,294,NA,NA,f,FV
544,9,1991,2,18,5,520,249,NA,NA,f,FV
545,9,1991,2,23,7,558,333,NA,NA,f,FV
546,NA,1992,2,23,9,565,329.5,NA,NA,f,FV
547,NA,1992,2,25,12,1060,2296.4,NA,NA,f,FV
548,NA,1992,2,18,6,575,330,NA,NA,f,FV
549,NA,1992,2,14,7,700,656.2,NA,NA,f,FV
550,NA,1992,2,17,13,840,1240.5,NA,NA,f,FV
551,NA,1992,2,20,16,820,1059,NA,NA,f,FV
552,NA,1992,3,15,7,590,404,NA,NA,f,FV
553,NA,1992,3,15,11,840,992.7,NA,NA,f,FV
554,NA,1992,1,21,8,660,561.1,NA,NA,f,FV
555,NA,1992,2,24,8,775,965.9,NA,NA,f,FV
556,8,1992,3,20,9,600,406.2,NA,NA,f,FV
557,8,1992,2,15,12,675,692.6,NA,NA,f,FV
558,8,1992,NA,NA,8,500,244.7,NA,NA,f,FV
559,8,1992,3,12,7,510,256.1,NA,NA,f,FV
560,8,1992,3,15,8,590,433.6,NA,NA,f,FV
561,8,1992,2,18,5,500,236.3,NA,NA,f,FV
562,8,1992,1,28,12,1005,2569.8,NA,NA,f,FV
563,8,1992,1,17,9,625,522.4,NA,NA,f,FV
564,8,1992,1,14,8,560,343.2,NA,NA,f,FV
565,8,1992,3,17,7,630,309,NA,NA,f,FV
566,NA,1992,2,17,7,600,351.2,NA,NA,f,FV
567,8,1992,2,15,8,600,415.4,NA,NA,f,FV
568,8,1992,2,17,14,735,697.4,NA,NA,f,FV
569,8,1992,3,16,9,560,336.6,NA,NA,f,FV
570,8,1992,2,21,7,570,258,NA,NA,f,FV
571,NA,1992,2,24,8,620,436.8,NA,NA,f,FV
572,NA,1992,2,17,7,615,356.1,NA,NA,f,FV
573,NA,1992,2,15,9,950,1714.5,NA,NA,f,FV
574,NA,1992,3,23,9,785,836,NA,NA,f,FV
575,NA,1992,2,20,5,675,378.7,NA,NA,f,FV
576,NA,1992,3,17,7,635,473.6,NA,NA,f,FV
577,NA,1992,1,13,8,715,644.9,NA,NA,f,FV
578,NA,1992,2,25,8,750,707,NA,NA,f,FV
579,NA,1992,NA,NA,5,560,300.9,NA,NA,f,FV
580,NA,1992,2,14,11,825,1076.9,NA,NA,f,FV
581,NA,1992,1,17,8,710,701.3,NA,NA,f,FV
582,NA,1992,1,15,9,615,472.7,NA,NA,f,FV
583,NA,1992,3,19,9,620,418.6,NA,NA,f,FV
584,NA,1992,3,22,6,590,354.6,NA,NA,f,FV
585,NA,1992,NA,NA,4,480,193.7,NA,NA,f,FV
586,NA,1992,NA,NA,6,620,408.6,NA,NA,f,FV
587,NA,1992,1,15,7,795,976.3,NA,NA,f,FV
588,NA,1992,2,17,7,640,457.6,NA,NA,f,FV
589,NA,1992,3,15,9,695,539.9,NA,NA,f,FV
590,NA,1992,1,17,10,785,1025.6,NA,NA,f,FV
591,NA,1992,2,20,9,690,557.1,NA,NA,f,FV
592,NA,1992,2,25,9,685,510.8,NA,NA,f,FV
593,NA,1992,1,16,9,830,913,NA,NA,f,FV
594,8,1992,3,15,7,615,426.1,NA,NA,f,FV
595,8,1992,NA,NA,5,505,237.1,NA,NA,f,FV
596,8,1992,2,21,5,450,213.2,NA,NA,f,FIII
597,8,1992,3,24,9,630,413.6,NA,NA,f,FV
598,8,1992,2,21,8,650,440.9,NA,NA,f,FV
599,8,1992,3,25,8,630,423.5,NA,NA,f,FV
600,8,1992,3,21,8,595,473.6,NA,NA,f,FV
601,8,1992,2,16,3,390,123.4,NA,NA,m,FV
602,8,1992,2,17,4,380,90.6,NA,NA,m,FV
603,8,1992,1,13,5,475,173.8,NA,NA,f,FII
604,8,1992,3,18,6,555,303.5,NA,NA,f,FV
605,8,1992,3,14,6,455,179.7,NA,NA,f,FV
606,8,1992,1,32,8,1005,1992.8,NA,NA,f,FV
607,8,1992,NA,NA,8,600,314.4,NA,NA,f,FV
608,8,1992,2,39,10,1000,1716.2,NA,NA,f,FV
609,8,1992,2,18,4,415,136.7,NA,NA,m,FV
610,NA,1992,3,22,7,655,477,NA,NA,f,FV
611,NA,1992,2,28,8,655,459.1,NA,NA,f,FV
612,NA,1992,3,24,5,525,265,NA,NA,f,FV
613,NA,1992,2,17,11,840,1133.6,NA,NA,f,FV
614,NA,1992,1,16,6,695,572.9,NA,NA,f,FV
615,NA,1992,2,18,9,640,436.7,NA,NA,f,FV
616,NA,1992,2,19,11,680,472.9,NA,NA,f,FV
617,NA,1992,1,16,13,770,1113.4,NA,NA,f,FV
618,NA,1992,2,19,6,595,350.6,NA,NA,f,FV
619,NA,1992,1,17,11,745,813.4,NA,NA,f,FV
620,NA,1992,2,19,10,685,594,NA,NA,f,FV
621,NA,1992,2,18,7,660,475.4,NA,NA,f,FV
622,NA,1992,2,16,8,630,390.1,NA,NA,f,FV
623,NA,1992,1,15,9,885,1293,NA,NA,f,FV
624,5,1992,1,20,9,670,547.9,NA,NA,f,FV
625,6,1992,3,20,8,700,432.7,NA,NA,f,FV
626,6,1992,2,14,NA,420,121,NA,NA,f,FII
627,5,1992,2,14,NA,475,191.4,NA,NA,f,FII
628,5,1992,3,17,NA,670,396.6,NA,NA,f,FII
629,7,1992,3,20,NA,710,561,NA,NA,f,FII
630,5,1992,1,10,NA,420,96,NA,NA,u,FII
631,7,1992,2,13,NA,535,194,NA,NA,f,FII
632,7,1992,3,20,NA,715,562.9,NA,NA,f,FII
633,5,1992,3,19,NA,495,205.6,NA,NA,f,FII
634,5,1992,2,5,NA,275,35.5,NA,NA,u,FII
635,7,1992,2,15,NA,560,308,NA,NA,f,FII
636,7,1992,1,13,NA,425,112.4,NA,NA,f,FII
637,7,1992,2,13,NA,395,112.3,NA,NA,u,FII
638,7,1992,2,27,7,580,359.9,NA,NA,f,NA
639,6,1992,2,24,10,865,1298.3,NA,NA,f,FV
640,8,1992,2,14,9,755,756,NA,NA,f,FV
641,5,1992,2,22,5,665,428.3,NA,NA,f,FV
642,5,1992,3,33,16,880,1434.7,NA,NA,f,FV
643,6,1992,2,24,11,995,1891.5,NA,NA,f,FV
644,6,1992,2,16,NA,530,252.4,NA,NA,f,FII
645,6,1992,3,18,5,535,299.9,NA,NA,f,FV
646,6,1992,1,15,8,625,419,NA,NA,f,FV
647,6,1992,2,16,9,615,461.5,NA,NA,f,FV
648,8,1992,3,20,6,555,336,NA,NA,f,FV
649,8,1992,3,21,4,535,336.5,NA,NA,f,FV
650,8,1992,3,17,6,540,264.5,NA,NA,f,FV
651,8,1992,3,18,6,590,378.3,NA,NA,f,FV
652,8,1992,1,16,5,400,109.4,NA,NA,m,FV
653,8,1992,3,30,11,630,391.1,NA,NA,f,FV
654,NA,1992,3,20,9,615,394,NA,NA,f,FV
655,NA,1992,2,16,8,740,790.6,NA,NA,f,FV
656,NA,1992,3,18,7,660,477.1,NA,NA,f,FV
657,NA,1992,3,20,7,615,358.6,NA,NA,f,FV
658,NA,1992,1,15,7,550,292.8,NA,NA,f,FV
659,NA,1992,1,16,10,655,528.7,NA,NA,f,FV
660,NA,1992,2,23,10,660,604.7,NA,NA,f,FV
661,8,1992,NA,NA,10,645,526.2,NA,NA,f,FV
662,8,1992,2,19,7,465,197,NA,NA,f,FV
663,9,2012,2,16,NA,659,555,NA,NA,f,FV
664,9,2012,2,16,NA,625,362,NA,NA,f,FV
665,9,2012,2,20,NA,690,491,NA,NA,f,FV
666,9,2012,1,12,NA,675,580,NA,NA,f,FV
667,9,2012,2,18,NA,690,630,NA,NA,f,FV
668,9,2012,2,17,NA,696,680,NA,NA,f,FV
669,9,2012,3,17,NA,744,694,NA,NA,f,FV
670,9,2012,2,19,NA,655,462,NA,NA,f,FV
671,9,2012,3,20,NA,714,649,NA,NA,f,FV
672,9,2012,NA,NA,NA,651,434,NA,NA,f,FV
673,9,2012,2,17,NA,643,466,NA,NA,f,FV
674,9,2012,2,19,NA,626,432,NA,NA,f,FV
675,9,2012,2,17,NA,680,668,NA,NA,f,FV
676,9,2012,3,21,NA,560,292,NA,NA,f,FV
677,9,2012,2,21,NA,670,494,NA,NA,f,FV
678,9,2012,2,22,NA,642,558,NA,NA,f,FV
679,9,2012,2,15,NA,685,637,NA,NA,f,FV
680,9,2012,2,18,NA,712,767,NA,NA,f,FV
681,9,2012,2,24,NA,815,1330,NA,NA,f,FV
682,9,2012,2,17,NA,702,629,NA,NA,f,FV
683,9,2012,2,12,NA,712,734,NA,NA,f,FV
684,9,2012,2,20,NA,739,746,NA,NA,f,FV
685,9,2012,1,11,NA,694,607,NA,NA,f,FV
686,9,2012,3,20,NA,512,249,NA,NA,f,FV
687,9,2012,2,15,NA,636,485,NA,NA,f,FV
688,9,2014,3,16,NA,598,373,NA,NA,f,FV
689,9,2014,2,18,NA,629,438,NA,NA,f,FV
690,9,2014,2,20,NA,707,666,NA,NA,f,FV
691,9,2014,1,23,NA,699,586,NA,NA,f,FV
692,9,2014,2,22,NA,654,487,NA,NA,f,FV
693,9,2014,2,17,NA,779,786,NA,NA,f,FV
694,9,2014,2,17,NA,587,331,NA,NA,f,FV
695,9,2014,3,19,NA,644,493,NA,NA,f,FV
696,9,2014,3,20,NA,634,516,NA,NA,f,FV
697,9,2014,2,22,NA,648,486,NA,NA,f,FV
698,9,2014,3,21,NA,722,755,NA,NA,f,FV
699,9,2014,3,22,NA,702,569,NA,NA,f,FV
700,9,2014,2,22,NA,688,706,NA,NA,f,FV
701,9,2014,3,20,NA,650,464,NA,NA,f,FV
702,9,2014,3,26,NA,629,456,NA,NA,f,FV
703,9,2014,3,21,NA,668,522,NA,NA,f,FV
704,9,2014,1,14,NA,583,358,NA,NA,f,FV
705,9,2014,3,31,NA,NA,NA,NA,NA,f,FV
706,9,2014,NA,NA,NA,610,506,NA,NA,f,FV
707,9,2014,NA,NA,NA,643,524,NA,NA,f,FV
708,9,2014,3,26,NA,696,601,NA,NA,f,FV
709,9,2014,3,21,NA,625,515,NA,NA,f,FV
710,9,2014,3,26,NA,674,619,NA,NA,f,FV
711,9,2014,2,19,NA,697,578,NA,NA,f,FV
712,9,2014,3,19,NA,763,882,NA,NA,f,FV
713,9,2015,3,19,NA,620,370,NA,NA,f,FV
714,9,2015,2,30,NA,725,598,NA,NA,f,FV
715,9,2015,3,20,NA,740,739,NA,NA,f,FV
716,9,2015,3,27,NA,975,1708,NA,NA,f,FV
717,9,2015,3,20,NA,725,703,NA,NA,f,FV
718,9,2015,3,22,NA,624,429,NA,NA,f,FV
719,9,2015,3,21,NA,670,481,NA,NA,f,FV
720,9,2015,2,22,NA,683,567,NA,NA,f,FV
721,9,2015,3,17,NA,770,673,NA,NA,f,FV
722,9,2015,2,26,NA,695,644,NA,NA,f,FV
723,9,2015,2,19,NA,760,732,NA,NA,f,FV
724,9,2015,2,18,NA,725,630,NA,NA,f,FV
725,9,2015,2,18,NA,790,903,NA,NA,f,FV
726,9,2015,3,16,NA,580,334,NA,NA,f,FV
727,9,2015,3,16,NA,925,1736,NA,NA,f,FV
728,9,2015,2,19,NA,730,668,NA,NA,f,FV
729,9,2015,2,19,NA,730,729,NA,NA,f,FV
730,9,2015,2,18,NA,745,662,NA,NA,f,FV
731,9,2015,2,18,NA,775,698,NA,NA,f,FV
732,9,2015,1,21,NA,760,712,NA,NA,f,FV
733,9,2015,2,25,NA,650,466,NA,NA,f,FV
734,9,2015,NA,NA,NA,655,578,NA,NA,f,FV
735,9,2015,3,29,NA,790,875,NA,NA,f,FV
736,9,2015,1,20,NA,650,452,NA,NA,f,FV
737,9,2015,3,28,NA,705,613,NA,NA,f,FV
738,8,2016,2,27,NA,719,640,37.2,8.435,f,FV
739,8,2016,2,21,NA,773,883,31.3,9.35,f,FIII
740,8,2016,2,23,NA,631,454,25.2,9,f,FIII
741,8,2016,3,25,NA,715,585,29.6,9.55,f,FIII
742,8,2016,1,16,NA,763,806,36.8,10.5,f,FV
743,8,2016,2,22,NA,664,521,26.465,9.05,f,FIII
744,8,2016,2,19,NA,555,321,24.3,7.55,f,FIII
745,8,2016,2,26,NA,750,720,33.1,10.05,f,FV
746,8,2016,NA,NA,NA,595,328,31,8.785,f,FV
747,8,2016,2,19,NA,547,223,31.55,8.1,f,FV
748,9,2016,2,21,NA,661,568,32.625,7.75,f,FIII
749,9,2016,1,24,NA,667,526,32.25,7.865,f,FIII
750,9,2016,3,16,NA,699,562,32.725,7.445,f,FIII
751,9,2016,NA,NA,NA,709,611,33.91,7.515,f,FIII
752,9,2016,3,21,NA,733,733,35.425,8.43,f,FIII
753,9,2016,2,21,NA,541,308,27.565,6.525,f,FIII
754,9,2016,2,23,NA,610,433,31.6,8.165,f,FV
755,9,2016,NA,NA,NA,738,574,35.47,7.325,f,FIII
756,9,2016,2,25,NA,732,532,33.91,7.47,f,FIII
757,9,2016,2,21,NA,797,797,35.975,7.72,f,FIII
758,9,2016,1,21,NA,812,1032,36.72,8.895,f,FIII
759,9,2016,3,16,NA,751,729,35,8.025,f,FIII
760,9,2016,2,20,NA,542,312,29.135,7.615,f,FV
761,9,2016,2,27,NA,677,639,33.205,8.55,f,FIII
762,9,2016,2,31,NA,590,321,29.055,6.875,f,FIII
763,9,2016,2,32,NA,600,338,29.845,7.26,f,FIII
764,9,2016,3,27,NA,757,670,34.075,7.665,f,FIII
765,9,2016,3,27,NA,695,581,31.545,7.39,f,FIII
766,9,2016,2,26,NA,536,282,25.785,7.125,f,FIII
767,9,2016,2,29,NA,723,649,37.545,8.635,f,FV
768,9,2016,2,23,NA,799,850,37.54,9.305,f,FIII
769,9,2016,2,22,NA,704,615,35.14,8.6,f,FV
770,9,2016,2,24,NA,669,601,31.465,8.445,f,FIII
771,9,2016,2,23,NA,607,649,33.995,9.725,f,FV
772,9,2016,2,25,NA,627,470,34.865,9.27,f,FV
773,9,2016,2,23,NA,772,777,40.555,9.565,f,FV
774,9,2016,2,24,NA,712,697,35.195,8.625,f,FIII
775,9,2016,2,22,NA,624,429,32.8,8.795,f,FV
776,9,2016,1,28,NA,745,775,34.905,8.655,f,FIII
777,9,2016,3,16,NA,640,439,31.435,8.6,f,FV
778,10,2016,2,24,NA,789,977,36.675,9.78,f,FIV
779,10,2016,2,19,NA,641,477,33.295,7,f,FIII
780,10,2016,2,21,NA,607,420,31.385,6.115,f,FIII
781,10,2016,2,27,NA,693,596,31.015,8.03,f,FIII
782,10,2016,2,22,NA,717,622,36.64,8.545,f,FV
783,10,2016,1,15,NA,732,623,36.175,7.955,f,FIII
784,10,2016,2,19,NA,820,1096,37.49,9.595,f,FIV
785,10,2016,3,22,NA,708,668,35.785,8.51,f,FIII
786,10,2016,3,22,NA,696,565,32.715,8.7,f,FIII
787,10,2016,2,26,NA,660,538,32.91,8.07,f,FIII
788,10,2016,3,19,NA,694,635,33.655,8.625,f,FIII
789,10,2016,2,22,NA,739,772,36.755,9.78,f,FV
790,10,2016,3,18,NA,657,475,30.515,8.95,f,FV
791,10,2016,2,26,NA,667,562,35.895,8.575,f,FV
792,10,2016,3,17,NA,588,345,33.1,9.17,f,FV
793,10,2016,2,17,NA,556,346,30.29,8.595,f,FV
794,10,2016,3,16,NA,780,817,36.66,9.64,f,FIII
795,10,2016,3,16,NA,540,316,28.905,7.735,f,FV
796,10,2016,2,18,NA,755,727,39.385,8.475,f,FIII
797,10,2016,3,18,NA,722,736,38.445,9.125,f,FV
798,10,2016,3,15,NA,557,318,28.36,6.5,f,FIII