/*,ID,,EH,1,2,3,4,5,6,7,8,9,10,EW,MAXEW,GREG,BETW,BOMA,TOWN,BUSH,VOLC,ADREP,ATORT,DICHRO,GREGxBOMA,GREGxTOWN,GREGxADREP,BTWxBOMA,BTWxTOWN,BTWxADREP,ADREPxBOMA,*/
/*,1,*/,011101000010010010010110001000,0,0,1,0,0,0,0,0,0,0,0.053,0.136,2.158,731.119,10.421,21.399,0.000,0.000,0.000,0.357,0.000,22.489,46.179,0.000,7618.991,15645.215,0.000,0.000,;
/*,2,*/,011010010010111010010100101111,0,0,1,0,0,0,0,0,0,0,0.048,0.120,1.964,371.490,10.161,18.780,0.000,0.000,0.000,0.438,0.000,19.956,36.884,0.000,3774.710,6976.582,0.000,0.000,;
/*,3,*/,010000101110010000110000001010,0,0,0,0,0,1,0,0,0,0,0.064,0.130,2.688,1918.519,12.056,28.410,0.000,0.000,0.000,0.417,0.083,32.407,76.366,0.000,23129.665,54505.125,0.000,0.000,;
/*,4,*/,110001101100000000111101000000,0,0,1,0,0,0,0,0,0,0,0.078,0.211,2.417,415.110,10.734,21.073,0.000,0.000,0.000,0.250,0.000,25.944,50.933,0.000,4455.791,8747.613,0.000,0.000,;
/*,5,*/,010001111100011100000001100111,0,0,1,0,0,0,0,0,0,0,0.069,0.182,2.803,72.304,10.740,23.002,0.000,0.000,0.000,0.267,0.000,30.104,64.475,0.000,776.545,1663.137,0.000,0.000,;
/*,6,*/,111101001100110010010000000000,0,0,1,0,0,0,0,0,0,0,0.083,0.190,2.699,140.518,10.928,18.908,0.000,0.000,0.000,0.167,0.000,29.495,51.033,0.000,1535.581,2656.914,0.000,0.000,;
/*,7,*/,110001100000100011000101000100,1,0,0,0,0,0,0,0,0,0,0.082,0.188,2.058,421.519,5.479,22.485,0.000,0.000,0.000,0.273,0.000,11.276,46.274,0.000,2309.503,9477.855,0.000,0.000,;
/*,8,*/,110001110000000010000010000000,1,0,0,0,0,0,0,0,0,0,0.094,0.231,2.654,95.749,4.526,22.424,0.000,0.000,0.100,0.400,0.100,12.012,59.513,0.265,433.360,2147.076,9.575,0.453,;
/*,9,*/,110001000010101000000000000000,1,0,0,0,0,0,0,0,0,0,0.109,0.182,1.311,73.180,7.916,19.593,0.000,0.000,0.000,0.333,0.000,10.378,25.686,0.000,579.293,1433.816,0.000,0.000,;
/*,10,*/,111010000000011100000000000000,1,0,0,0,0,0,0,0,0,0,0.074,0.182,2.987,1614.470,5.802,25.536,0.143,0.000,0.000,0.429,0.000,17.331,76.276,0.000,9367.155,41227.106,0.000,0.000,;
/*,11,*/,010000111101000101100110110010,0,0,0,0,0,0,1,0,0,0,0.053,0.125,1.179,2397.305,4.689,13.747,0.000,0.333,0.000,0.600,0.200,5.528,16.208,0.000,11240.963,32955.752,0.000,0.000,;
/*,12,*/,010111110100101110101010001000,0,0,0,0,0,0,1,0,0,0,0.048,0.240,2.416,5208.312,2.963,10.401,0.000,0.882,0.100,0.250,0.200,7.159,25.129,0.242,15432.228,54171.653,520.831,0.296,;
/*,13,*/,010000110110000101000011000000,0,0,0,0,0,0,1,0,0,0,0.110,0.263,1.118,35.366,3.133,14.558,0.000,0.750,0.000,0.556,0.111,3.503,16.276,0.000,110.802,514.858,0.000,0.000,;
/*,14,*/,110000110010111101001000000110,0,0,0,0,0,0,1,0,0,0,0.079,0.263,2.222,397.383,2.192,14.896,0.000,0.909,0.000,0.083,0.167,4.871,33.099,0.000,871.064,5919.417,0.000,0.000,;
/*,15,*/,110000100100101110000000000000,0,0,0,0,0,0,1,0,0,0,0.090,0.211,1.098,111.661,1.762,13.971,0.000,1.000,0.000,0.250,0.250,1.935,15.340,0.000,196.747,1560.016,0.000,0.000,;
/*,16,*/,111010010100010001101100000010,0,0,0,0,0,0,1,0,0,0,0.072,0.158,1.546,2458.547,3.584,13.069,0.000,0.615,0.000,0.462,0.308,5.541,20.205,0.000,8811.432,32130.751,0.000,0.000,;
/*,17,*/,110000101100101111001011001010,0,0,0,0,0,0,1,0,0,0,0.074,0.174,2.493,561.273,1.499,11.960,0.077,0.923,0.000,0.200,0.200,3.737,29.816,0.000,841.348,6712.825,0.000,0.000,;
/*,18,*/,110100000000000000000100001100,1,0,0,0,0,0,0,0,0,0,0.082,0.125,0.864,242.283,3.155,27.015,0.143,0.000,0.000,0.143,0.143,2.726,23.341,0.000,764.403,6545.275,0.000,0.000,;
/*,19,*/,010100000000100100100000000000,1,0,0,0,0,0,0,0,0,0,0.140,0.500,1.704,534.873,0.481,34.908,0.500,0.000,0.000,0.000,0.000,0.820,59.483,0.000,257.274,18671.347,0.000,0.000,;
/*,20,*/,010101000000010100000000000000,1,0,0,0,0,0,0,0,0,0,0.112,0.250,2.254,151.234,1.740,30.256,0.167,0.000,0.000,0.333,0.167,3.922,68.197,0.000,263.147,4575.736,0.000,0.000,;
/*,21,*/,010101000000110000000000000000,1,0,0,0,0,0,0,0,0,0,0.176,0.500,1.439,8.765,0.581,29.965,0.333,0.000,0.000,0.333,0.167,0.836,43.120,0.000,5.092,262.643,0.000,0.000,;
/*,22,*/,010000000011000001001100000010,1,0,0,0,0,0,0,0,0,0,0.078,0.111,0.321,0.222,9.203,21.598,0.143,0.000,0.000,0.571,0.000,2.954,6.933,0.000,2.043,4.795,0.000,0.000,;
/*,23,*/,010001000000010010000001001100,1,0,0,0,0,0,0,0,0,0,0.100,0.250,2.115,41.186,6.632,27.528,0.429,0.000,0.000,0.714,0.000,14.027,58.222,0.000,273.146,1133.768,0.000,0.000,;
/*,24,*/,010010101001011001010110001100,0,0,0,0,0,1,0,0,0,0,0.050,0.103,2.453,659.654,11.021,25.736,0.000,0.000,0.000,0.133,0.000,27.035,63.130,0.000,7270.047,16976.855,0.000,0.000,;
/*,25,*/,110111100111011000110000001000,0,0,0,0,0,1,0,0,0,0,0.068,0.192,3.448,2160.636,11.526,26.533,0.000,0.000,0.000,0.250,0.000,39.742,91.486,0.000,24903.491,57328.155,0.000,0.000,;
/*,26,*/,110111001000001000111111001100,0,0,1,0,0,0,0,0,0,0,0.063,0.182,2.474,753.831,10.921,24.032,0.000,0.000,0.000,0.267,0.000,27.019,59.455,0.000,8232.588,18116.067,0.000,0.000,;
/*,27,*/,110001101000011100010001100000,0,0,1,0,0,0,0,0,0,0,0.090,0.211,2.626,315.630,10.706,21.629,0.000,0.000,0.000,0.273,0.000,28.114,56.798,0.000,3379.135,6826.761,0.000,0.000,;
/*,28,*/,110010001000001100101110011000,0,0,1,0,0,0,0,0,0,0,0.074,0.267,3.542,1513.762,10.037,18.936,0.083,0.000,0.000,0.333,0.000,35.551,67.071,0.000,15193.629,28664.597,0.000,0.000,;
/*,29,*/,110101101100111110111100110000,0,0,1,0,0,0,0,0,0,0,0.072,0.174,3.542,903.392,10.936,20.669,0.000,0.000,0.000,0.313,0.000,38.735,73.210,0.000,9879.495,18672.209,0.000,0.000,;
/*,30,*/,010000110001000000000000100001,0,0,0,0,0,0,0,1,0,0,0.127,0.250,3.612,0.919,2.533,2.562,0.000,0.333,0.833,0.000,0.000,9.149,9.254,3.009,2.328,2.354,0.766,2.110,;
/*,31,*/,011100001001101001000010100000,0,0,0,0,0,0,0,1,0,0,0.081,0.214,3.599,127.556,3.441,3.264,0.000,0.750,0.333,0.000,0.083,12.384,11.747,1.198,438.920,416.343,42.476,1.146,;
/*,32,*/,110011001100000000010000100111,0,0,0,0,0,0,0,1,0,0,0.061,0.174,2.586,446.098,5.065,4.971,0.000,1.000,0.727,0.000,0.091,13.098,12.855,1.880,2259.486,2217.553,324.313,3.682,;
/*,33,*/,011000111101111000000010000000,0,0,0,0,0,0,0,1,0,0,0.086,0.278,3.965,113.771,3.044,3.295,0.000,0.667,0.583,0.000,0.000,12.069,13.065,2.312,346.319,374.875,66.328,1.775,;
/*,34,*/,110110011110000001001000000001,0,0,0,0,0,0,0,1,0,0,0.071,0.176,3.847,247.481,4.007,4.608,0.000,1.000,0.600,0.000,0.133,15.415,17.727,2.308,991.656,1140.392,148.489,2.404,;
/*,35,*/,110010001001001001011010100010,0,0,0,0,0,0,0,1,0,0,0.071,0.238,4.308,593.684,4.294,3.925,0.000,0.714,0.286,0.000,0.071,18.499,16.909,1.232,2549.279,2330.210,169.794,1.228,;
/*,36,*/,111110101000001000111000110011,0,0,0,0,0,0,0,1,0,0,0.055,0.148,2.683,84.107,3.887,4.838,0.000,1.000,0.375,0.000,0.292,10.429,12.980,1.006,326.924,406.910,31.540,1.458,;
/*,37,*/,111110101101000001001001111000,0,0,0,0,0,0,0,1,0,0,0.077,0.429,3.730,383.671,3.089,4.640,0.000,1.000,0.545,0.000,0.182,11.522,17.307,2.033,1185.160,1780.233,209.101,1.684,;
/*,38,*/,111110111111000001001000000000,0,0,0,0,0,0,0,1,0,0,0.084,0.429,3.361,151.068,3.085,4.326,0.000,0.800,0.636,0.000,0.091,10.369,14.540,2.138,466.045,653.520,96.079,1.962,;
/*,39,*/,010110011100000100001011000000,0,0,0,0,0,0,0,1,0,0,0.075,0.238,2.641,163.243,3.623,4.976,0.000,1.000,0.692,0.000,0.154,9.568,13.142,1.828,591.429,812.297,112.964,2.507,;
/*,40,*/,111000100011010000110011001100,0,0,0,0,0,0,0,0,1,0,0.071,0.174,4.043,139.110,2.335,4.184,0.000,1.000,0.118,0.176,0.647,9.440,16.916,0.477,324.822,582.036,16.415,0.276,;
/*,41,*/,111000001001011011011100101111,0,0,0,0,0,0,0,0,1,0,0.083,0.308,7.284,724.317,3.129,5.636,0.000,1.000,0.125,0.125,0.583,22.792,41.053,0.911,2266.388,4082.251,90.540,0.391,;
/*,42,*/,111011000010101010100010000010,0,0,0,0,0,0,0,0,1,0,0.056,0.154,3.287,1144.618,2.307,9.193,0.000,0.929,0.000,0.267,0.200,7.583,30.217,0.000,2640.634,10522.473,0.000,0.000,;
/*,43,*/,111101000011011001101100101101,0,0,0,0,0,0,0,0,1,0,0.084,0.250,7.486,859.446,3.078,5.380,0.000,1.000,0.120,0.120,0.600,23.042,40.275,0.898,2645.375,4623.819,103.134,0.369,;
/*,44,*/,011011001010010010010100101100,0,0,0,0,0,0,0,0,1,0,0.079,0.292,5.956,1289.110,2.768,5.093,0.000,1.000,0.077,0.077,0.538,16.486,30.334,0.459,3568.256,6565.437,99.261,0.213,;
/*,45,*/,110100000011111000011111101101,0,0,0,0,0,0,0,0,1,0,0.090,0.308,6.949,346.832,2.516,5.163,0.000,1.000,0.143,0.000,1.000,17.484,35.878,0.994,872.629,1790.694,49.597,0.360,;
/*,46,*/,011000000000101000110100000000,0,0,0,0,0,0,0,0,1,0,0.058,0.154,3.459,740.073,2.050,5.325,0.143,0.857,0.000,0.429,0.429,7.091,18.419,0.000,1517.150,3940.889,0.000,0.000,;
/*,47,*/,110011110001110000000000000000,0,0,0,0,0,0,0,0,1,0,0.067,0.150,2.384,86.765,2.119,4.777,0.000,1.000,0.000,0.300,0.700,5.052,11.388,0.000,183.855,414.476,0.000,0.000,;
/*,48,*/,011010000001001001010011100011,0,0,0,0,0,0,0,0,1,0,0.076,0.238,4.426,470.569,1.586,4.654,0.000,1.000,0.000,0.462,0.385,7.020,20.599,0.000,746.322,2190.028,0.000,0.000,;
/*,49,*/,111001010001111010101111101111,0,0,0,0,0,0,0,0,1,0,0.051,0.133,4.043,3427.546,1.851,5.069,0.000,0.950,0.045,0.545,0.318,7.484,20.494,0.182,6344.388,17374.231,154.240,0.083,;
/*,50,*/,111110100001000010010100000011,0,0,0,0,0,0,0,0,1,0,0.063,0.130,3.905,3305.457,1.706,5.859,0.154,0.462,0.000,0.538,0.462,6.662,22.879,0.000,5639.110,19366.673,0.000,0.000,;
/*,51,*/,111001001001110010110001110100,0,0,0,0,0,0,0,0,1,0,0.071,0.240,3.738,349.150,3.322,4.730,0.000,1.000,0.056,0.056,0.611,12.418,17.681,0.209,1159.876,1651.480,19.552,0.186,;
/*,52,*/,011111001001111011110100001111,0,0,0,0,0,0,0,0,1,0,0.067,0.233,5.746,1140.843,3.464,6.226,0.000,1.000,0.120,0.120,0.480,19.904,35.775,0.690,3951.880,7102.889,136.901,0.416,;
/*,53,*/,010111100011000000011010101101,0,0,0,1,0,0,0,0,0,0,0.063,0.208,5.121,764.403,3.541,6.131,0.000,1.000,0.158,0.263,0.105,18.133,31.397,0.809,2706.751,4686.555,120.776,0.559,;
/*,54,*/,010011111001000110111101001001,0,0,0,0,0,0,0,0,1,0,0.054,0.194,2.616,278.469,3.622,4.750,0.000,1.000,0.440,0.200,0.240,9.475,12.426,1.151,1008.615,1322.728,122.526,1.594,;
/*,55,*/,110010110010001011011000010000,0,0,0,0,0,0,0,0,1,0,0.070,0.138,4.903,287.955,3.239,6.305,0.000,1.000,0.000,0.000,0.462,15.881,30.913,0.000,932.686,1815.556,0.000,0.000,;
/*,56,*/,010111101010001101111011101101,0,0,0,1,0,0,0,0,0,0,0.051,0.167,3.719,1259.241,3.939,5.935,0.000,1.000,0.310,0.172,0.241,14.649,22.072,1.153,4960.150,7473.595,390.365,1.221,;
/*,57,*/,110110100011001000100100101001,0,0,0,1,0,0,0,0,0,0,0.055,0.208,4.292,4680.949,4.102,5.878,0.000,1.000,0.176,0.118,0.176,17.606,25.228,0.755,19201.253,27514.618,823.847,0.722,;
/*,58,*/,010101111001100001011010101011,0,0,0,1,0,0,0,0,0,0,0.060,0.208,3.905,699.800,3.501,5.997,0.000,1.000,0.182,0.227,0.273,13.671,23.418,0.711,2450.000,4196.701,127.364,0.637,;
/*,59,*/,010001110101100000101011111000,0,0,0,1,0,0,0,0,0,0,0.075,0.263,3.908,474.560,3.522,5.460,0.000,0.882,0.227,0.182,0.227,13.764,21.338,0.887,1671.400,2591.098,107.725,0.799,;
/*,60,*/,010001100101000010100010000100,0,0,0,1,0,0,0,0,0,0,0.060,0.222,2.977,1202.299,3.346,6.005,0.000,0.917,0.154,0.154,0.385,9.961,17.877,0.458,4022.892,7219.805,185.154,0.515,;
/*,61,*/,111000111001000011100111101100,0,0,0,1,0,0,0,0,0,0,0.057,0.143,3.827,1856.578,3.693,5.978,0.000,0.889,0.292,0.125,0.208,14.133,22.878,1.117,6856.343,11098.623,542.121,1.078,;
/*,62,*/,110100111000000011110010101011,0,0,0,1,0,0,0,0,0,0,0.048,0.138,3.482,8279.997,3.701,5.971,0.000,1.000,0.308,0.154,0.269,12.887,20.791,1.072,30644.269,49439.862,2550.239,1.140,;
/*,63,*/,110110011100010010001100101010,0,0,0,1,0,0,0,0,0,0,0.053,0.240,3.931,4403.683,4.501,5.701,0.000,0.929,0.294,0.059,0.294,17.693,22.411,1.156,19820.977,25105.397,1294.683,1.323,;
/*,64,*/,010100110001000101101011111101,0,0,0,1,0,0,0,0,0,0,0.052,0.179,2.832,492.447,3.361,6.976,0.000,1.000,0.059,0.059,0.412,9.518,19.756,0.167,1655.114,3435.310,29.054,0.198,;
/*,65,*/,110100100111000001000110111001,0,0,0,1,0,0,0,0,0,0,0.063,0.185,5.301,2723.075,3.050,6.500,0.000,1.000,0.200,0.067,0.267,16.168,34.457,1.060,8305.379,17699.988,544.615,0.610,;
/*,66,*/,010100001110010101010000101001,0,0,0,1,0,0,0,0,0,0,0.053,0.125,1.467,28356.089,4.757,6.504,0.077,0.846,0.200,0.200,0.200,6.979,9.541,0.293,134889.915,184428.003,5671.218,0.951,;
/*,67,*/,111110110101100001011000100110,0,0,0,1,0,0,0,0,0,0,0.051,0.240,2.851,510.394,4.721,5.849,0.000,1.000,0.458,0.125,0.083,13.460,16.675,1.306,2409.570,2985.295,233.760,2.162,;
/*,68,*/,010101111100000000000000000000,0,0,0,1,0,0,0,0,0,0,0.087,0.273,3.732,122.429,3.011,5.279,0.000,0.750,0.167,0.333,0.333,11.237,19.701,0.623,368.634,646.303,20.446,0.503,;
/*,69,*/,010101100100000000010011111100,0,0,0,1,0,0,0,0,0,0,0.072,0.174,4.264,269.455,3.165,5.517,0.000,0.857,0.167,0.278,0.278,13.496,23.524,0.712,852.825,1486.583,44.999,0.529,;
/*,70,*/,011100111110000001001000110110,0,0,0,1,0,0,0,0,0,0,0.055,0.227,3.709,604.768,4.096,6.343,0.000,1.000,0.385,0.077,0.231,15.192,23.526,1.428,2477.130,3836.043,232.836,1.577,;
/*,71,*/,010011110000010100001000000000,0,0,0,1,0,0,0,0,0,0,0.055,0.133,1.274,91.931,2.918,8.113,0.000,0.900,0.182,0.000,0.364,3.718,10.336,0.232,268.255,745.836,16.731,0.531,;
/*,72,*/,010010110001010100000001000000,0,0,0,1,0,0,0,0,0,0,0.071,0.150,1.893,208.422,2.302,8.265,0.000,1.000,0.250,0.125,0.250,4.358,15.646,0.473,479.787,1722.608,52.106,0.576,;
/*,73,*/,110010100110000111100110101100,0,0,0,1,0,0,0,0,0,0,0.059,0.154,4.830,800.286,3.409,6.589,0.000,1.000,0.167,0.111,0.222,16.465,31.825,0.807,2728.175,5273.084,133.648,0.569,;
/*,74,*/,010001100000101110000010110000,0,0,0,1,0,0,0,0,0,0,0.099,0.222,3.402,10.267,2.657,4.836,0.000,1.000,0.188,0.313,0.500,9.039,16.452,0.640,27.279,49.651,1.930,0.500,;
/*,75,*/,011010110100010010001001000000,0,0,0,0,0,0,0,1,0,0,0.063,0.143,1.959,129.681,3.620,4.025,0.000,0.818,0.500,0.000,0.167,7.092,7.885,0.980,469.445,521.966,64.841,1.810,;
/*,76,*/,010000001101011010001101100011,0,0,0,0,0,0,0,1,0,0,0.087,0.316,4.411,261.083,2.765,3.276,0.000,0.688,0.313,0.000,0.000,12.196,14.450,1.381,721.894,855.308,81.719,0.865,;
/*,77,*/,011110001001110001001000000010,0,0,0,0,0,0,0,1,0,0,0.054,0.115,2.474,91.546,4.394,4.205,0.000,0.615,0.357,0.000,0.143,10.871,10.403,0.883,402.253,384.951,32.682,1.569,;
/*,78,*/,011000011101000000001010100001,0,0,0,0,0,0,0,1,0,0,0.101,0.316,5.193,104.218,2.747,3.002,0.000,0.417,0.615,0.000,0.077,14.265,15.589,3.194,286.287,312.862,64.094,1.689,;
/*,79,*/,110010011000100000111010100001,0,0,0,0,0,0,0,1,0,0,0.046,0.107,1.835,248.266,3.741,4.994,0.000,1.000,0.667,0.000,0.133,6.865,9.164,1.224,928.763,1239.840,165.593,2.495,;
/*,80,*/,010000011100100001000100100000,0,0,0,0,0,0,0,1,0,0,0.107,0.250,4.621,103.055,2.918,2.727,0.000,0.444,0.556,0.000,0.000,13.484,12.601,2.569,300.714,281.031,57.299,1.622,;
/*,81,*/,110000001111100011001110100000,0,0,0,0,0,0,0,1,0,0,0.079,0.211,3.289,90.211,2.949,3.566,0.000,0.786,0.500,0.000,0.071,9.699,11.729,1.645,266.032,321.692,45.106,1.475,;
/*,82,*/,010111011111001011000000000000,0,0,0,0,0,0,0,1,0,0,0.084,0.238,3.478,71.313,3.867,4.493,0.000,0.846,0.438,0.000,0.250,13.449,15.627,1.523,275.767,320.409,31.235,1.694,;
/*,83,*/,111010011011011000010100101011,0,0,0,0,0,0,0,1,0,0,0.056,0.148,3.205,249.844,4.431,4.964,0.000,0.882,0.176,0.000,0.176,14.201,15.910,0.564,1107.059,1240.226,43.973,0.780,;
/*,84,*/,111100111101111001000101100000,0,0,0,0,0,0,0,1,0,0,0.075,0.182,4.574,1681.507,3.497,3.505,0.000,0.500,0.545,0.000,0.182,15.995,16.032,2.493,5880.230,5893.682,916.421,1.906,;
/*,85,*/,111000100011000011001101100000,0,0,0,0,0,0,0,1,0,0,0.075,0.238,3.855,23.163,4.206,3.011,0.000,0.385,0.333,0.067,0.133,16.214,11.607,1.284,97.424,69.744,7.713,1.401,;
/*,86,*/,010000000000000100000010101010,0,0,0,1,0,0,0,0,0,0,0.066,0.133,3.965,20.398,2.933,7.704,0.000,1.000,0.000,0.000,0.500,11.629,30.546,0.000,59.827,157.146,0.000,0.000,;
/*,87,*/,010111110110001010000000100000,0,0,0,1,0,0,0,0,0,0,0.062,0.313,2.260,76.859,3.536,5.370,0.000,0.727,0.294,0.176,0.235,7.991,12.136,0.664,271.773,412.733,22.597,1.040,;
/*,88,*/,010100101101010001000000001100,0,0,0,1,0,0,0,0,0,0,0.060,0.176,2.959,275.855,4.163,3.734,0.000,0.455,0.263,0.211,0.316,12.318,11.049,0.778,1148.384,1030.043,72.550,1.095,;
/*,89,*/,011100110111000000011100100010,0,0,0,1,0,0,0,0,0,0,0.056,0.208,2.685,421.354,4.030,5.131,0.000,0.714,0.200,0.150,0.350,10.821,13.777,0.537,1698.057,2161.967,84.271,0.806,;
/*,90,*/,110000101100100010000001000000,0,0,0,1,0,0,0,0,0,0,0.086,0.231,2.552,155.961,2.342,5.419,0.000,0.889,0.286,0.429,0.214,5.977,13.829,0.730,365.261,845.153,44.605,0.670,;
/*,91,*/,010001110100000000000000000000,0,0,0,1,0,0,0,0,0,0,0.081,0.273,4.361,864.453,2.069,8.393,0.000,1.000,0.000,0.400,0.400,9.023,36.602,0.000,1788.553,7255.354,0.000,0.000,;
/*,92,*/,010011010000000001011000100100,0,0,0,1,0,0,0,0,0,0,0.055,0.143,1.801,222.834,4.512,5.588,0.000,0.909,0.357,0.143,0.143,8.126,10.064,0.643,1005.427,1245.196,79.552,1.611,;
/*,93,*/,011100001100000010100000101000,0,0,0,1,0,0,0,0,0,0,0.075,0.167,3.243,56.865,2.672,6.720,0.000,1.000,0.091,0.182,0.273,8.665,21.793,0.295,151.943,382.133,5.175,0.243,;
/*,94,*/,010000100011000000000000000011,0,0,0,1,0,0,0,0,0,0,0.075,0.118,1.491,195.596,3.461,9.065,0.000,1.000,0.286,0.000,0.143,5.160,13.516,0.426,676.958,1773.078,55.940,0.990,;
/*,95,*/,110011110010000011011110010000,0,1,0,0,0,0,0,0,0,0,0.077,0.179,2.431,98.992,9.721,7.937,0.533,0.000,0.000,0.933,0.000,23.632,19.295,0.000,962.301,785.700,0.000,0.000,;
/*,96,*/,111111000010101010011100000000,0,1,0,0,0,0,0,0,0,0,0.082,0.280,1.082,0.417,8.240,5.960,0.786,0.000,0.000,0.786,0.000,8.916,6.449,0.000,3.436,2.485,0.000,0.000,;
/*,97,*/,111100101001111010011110110000,0,1,0,0,0,0,0,0,0,0,0.094,0.212,3.439,37.421,10.860,9.303,0.647,0.000,0.000,0.941,0.000,37.348,31.993,0.000,406.392,348.128,0.000,0.000,;
/*,98,*/,111110111011111111110111010000,0,1,0,0,0,0,0,0,0,0,0.122,0.286,4.785,111.944,11.865,12.694,0.333,0.000,0.000,0.933,0.000,56.774,60.741,0.000,1328.216,1421.017,0.000,0.000,;
/*,99,*/,111111111101111100110101110000,0,1,0,0,0,0,0,0,0,0,0.114,0.257,5.096,155.447,12.129,12.511,0.522,0.000,0.000,1.000,0.000,61.809,63.756,0.000,1885.417,1944.797,0.000,0.000,;
/*,100,*/,110101111110111111110110110000,0,1,0,0,0,0,0,0,0,0,0.160,0.375,6.615,49.952,11.734,11.353,0.550,0.000,0.000,0.950,0.000,77.620,75.100,0.000,586.137,567.105,0.000,0.000,;
/*,101,*/,111101110101111101100000000000,0,1,0,0,0,0,0,0,0,0,0.099,0.250,3.112,15.056,14.412,18.485,0.625,0.000,0.000,0.688,0.000,44.850,57.525,0.000,216.987,278.310,0.000,0.000,;
/*,102,*/,111111100000000000000000000000,0,1,0,0,0,0,0,0,0,0,0.075,0.235,1.709,81.173,9.454,7.352,1.000,0.000,0.000,0.750,0.000,16.157,12.565,0.000,767.410,596.784,0.000,0.000,;
/*,103,*/,111111111111110101101111110000,0,1,0,0,0,0,0,0,0,0,0.103,0.281,4.447,265.273,12.242,13.093,0.542,0.000,0.000,1.000,0.000,54.440,58.225,0.000,3247.472,3473.219,0.000,0.000,;
/*,104,*/,111111101110101100111110110000,0,1,0,0,0,0,0,0,0,0,0.120,0.344,5.260,27901.932,11.151,10.052,0.762,0.000,0.000,0.952,0.000,58.654,52.874,0.000,311134.444,280470.220,0.000,0.000,;
/*,105,*/,110111111101111110110111110000,0,1,0,0,0,0,0,0,0,0,0.107,0.324,4.345,66.469,11.117,10.050,0.522,0.000,0.000,0.913,0.000,48.303,43.667,0.000,738.936,668.013,0.000,0.000,;
/*,106,*/,111100111111011100110111110000,0,1,0,0,0,0,0,0,0,0,0.135,0.406,6.390,265.215,11.471,11.208,0.636,0.000,0.000,0.909,0.000,73.300,71.619,0.000,3042.281,2972.530,0.000,0.000,;
/*,107,*/,111100101110100110000000000000,0,1,0,0,0,0,0,0,0,0,0.112,0.333,4.155,2.040,11.137,9.920,0.636,0.000,0.000,0.909,0.000,46.274,41.218,0.000,22.719,20.237,0.000,0.000,;
/*,108,*/,111100111101011111111111110000,0,1,0,0,0,0,0,0,0,0,0.140,0.406,5.742,64.853,11.369,10.351,0.647,0.000,0.000,0.941,0.000,65.281,59.435,0.000,737.314,671.293,0.000,0.000,;
/*,109,*/,111111110010001111011110110000,0,1,0,0,0,0,0,0,0,0,0.109,0.281,4.329,133.523,11.153,10.435,0.400,0.000,0.000,1.000,0.000,48.281,45.173,0.000,1489.182,1393.313,0.000,0.000,;
/*,110,*/,110111111111101111011110100000,0,1,0,0,0,0,0,0,0,0,0.119,0.375,4.245,1.515,11.208,9.905,0.636,0.000,0.000,0.955,0.000,47.578,42.047,0.000,16.980,15.006,0.000,0.000,;
/*,111,*/,110101111100110111111110110000,0,1,0,0,0,0,0,0,0,0,0.120,0.265,5.085,39.080,11.610,11.252,0.381,0.000,0.000,0.905,0.000,59.037,57.216,0.000,453.719,439.728,0.000,0.000,;
/*,112,*/,110100011100111101110110110000,0,1,0,0,0,0,0,0,0,0,0.093,0.212,4.185,110.780,12.464,13.007,0.579,0.000,0.000,1.000,0.000,52.162,54.434,0.000,1380.762,1440.915,0.000,0.000,;
/*,113,*/,010100111010111101101101110000,0,1,0,0,0,0,0,0,0,0,0.067,0.156,2.874,294.234,12.954,15.074,0.526,0.000,0.000,0.947,0.000,37.230,43.323,0.000,3811.507,4435.283,0.000,0.000,;
/*,114,*/,111100111110011100111111010000,0,1,0,0,0,0,0,0,0,0,0.126,0.300,6.013,291.754,11.852,12.570,0.476,0.000,0.000,0.857,0.000,71.266,75.583,0.000,3457.868,3667.348,0.000,0.000,;
/*,115,*/,111111110010001010111110010000,0,1,0,0,0,0,0,0,0,0,0.096,0.280,3.786,85.590,9.798,8.931,0.500,0.000,0.000,0.889,0.000,37.095,33.813,0.000,838.611,764.404,0.000,0.000,;
/*,116,*/,111101111000011101110001010000,0,1,0,0,0,0,0,0,0,0,0.125,0.370,5.402,300.357,12.858,15.020,0.267,0.000,0.000,0.733,0.000,69.459,81.138,0.000,3861.990,4511.362,0.000,0.000,;
/*,117,*/,111101111000110101110000110000,0,1,0,0,0,0,0,0,0,0,0.102,0.333,4.421,432.706,13.251,16.168,0.467,0.000,0.000,0.800,0.000,58.583,71.479,0.000,5733.787,6995.991,0.000,0.000,;
/*,118,*/,110101101011111101110000000000,0,1,0,0,0,0,0,0,0,0,0.139,0.308,5.965,139.155,11.494,11.672,0.294,0.000,0.000,0.882,0.000,68.562,69.623,0.000,1599.448,1624.217,0.000,0.000,;
/*,119,*/,111101001100001100111100010000,0,1,0,0,0,0,0,0,0,0,0.100,0.333,4.943,810.986,13.437,16.431,0.467,0.000,0.000,0.733,0.000,66.419,81.218,0.000,10897.219,13325.311,0.000,0.000,;
/*,120,*/,111101111101010110111100000000,0,1,0,0,0,0,0,0,0,0,0.082,0.241,4.479,923.669,14.247,18.730,0.833,0.000,0.000,0.667,0.000,63.812,83.892,0.000,13159.512,17300.320,0.000,0.000,;
/*,121,*/,110101111100011000111100000000,0,1,0,0,0,0,0,0,0,0,0.100,0.280,5.792,986.089,13.558,16.766,0.500,0.000,0.000,0.643,0.000,78.528,97.109,0.000,13369.395,16532.768,0.000,0.000,;
/*,122,*/,011110111100011100111101010000,0,1,0,0,0,0,0,0,0,0,0.099,0.292,4.802,27.755,14.137,18.384,0.842,0.000,0.000,0.579,0.000,67.886,88.280,0.000,392.372,510.248,0.000,0.000,;
/*,123,*/,110101111001111111110111110000,0,1,0,0,0,0,0,0,0,0,0.124,0.324,5.474,85.928,11.429,10.954,0.591,0.000,0.000,0.909,0.000,62.562,59.962,0.000,982.071,941.255,0.000,0.000,;
/*,124,*/,111101000000000000000000000000,0,1,0,0,0,0,0,0,0,0,0.073,0.150,2.341,20.774,10.496,9.657,0.500,0.000,0.000,0.833,0.000,24.571,22.607,0.000,218.044,200.615,0.000,0.000,;
/*,125,*/,011101101110111101111100110000,0,1,0,0,0,0,0,0,0,0,0.111,0.357,5.318,450.060,12.725,14.640,0.450,0.000,0.000,0.800,0.000,67.672,77.856,0.000,5727.014,6588.878,0.000,0.000,;
/*,126,*/,010101111001011111111110110000,0,1,0,0,0,0,0,0,0,0,0.154,0.357,6.775,91.506,12.184,12.887,0.350,0.000,0.000,0.950,0.000,82.547,87.309,0.000,1114.909,1179.238,0.000,0.000,;
/*,127,*/,111111101101001100000000000000,0,1,0,0,0,0,0,0,0,0,0.097,0.304,3.454,287.597,12.205,13.529,0.222,0.000,0.000,1.000,0.000,42.156,46.729,0.000,3510.121,3890.900,0.000,0.000,;
/*,128,*/,010111110111110111111100010000,0,1,0,0,0,0,0,0,0,0,0.068,0.172,3.612,785.058,13.245,15.860,0.700,0.000,0.000,0.900,0.000,47.841,57.286,0.000,10398.093,12451.020,0.000,0.000,;
/*,129,*/,111100110101010100101000000000,0,1,0,0,0,0,0,0,0,0,0.164,0.350,4.834,0.403,14.982,20.546,0.923,0.000,0.000,0.846,0.000,72.423,99.319,0.000,6.038,8.280,0.000,0.000,;
/*,130,*/,111111100110111001101100110000,0,1,0,0,0,0,0,0,0,0,0.119,0.259,4.372,5.449,14.569,19.958,0.727,0.000,0.000,0.773,0.000,63.696,87.256,0.000,79.386,108.751,0.000,0.000,;
/*,131,*/,111000111011000111111000000000,0,1,0,0,0,0,0,0,0,0,0.079,0.227,4.083,968.373,14.493,20.286,0.667,0.000,0.000,0.800,0.000,59.175,82.828,0.000,14034.630,19644.415,0.000,0.000,;
/*,132,*/,111101000000000000000000000000,0,1,0,0,0,0,0,0,0,0,0.096,0.214,2.843,3.730,14.276,19.370,0.500,0.000,0.000,1.000,0.000,40.587,55.069,0.000,53.249,72.250,0.000,0.000,;
/*,133,*/,010101110101001100010100110000,0,1,0,0,0,0,0,0,0,0,0.080,0.207,3.253,20.619,13.523,17.628,0.571,0.000,0.000,0.857,0.000,43.990,57.344,0.000,278.831,363.472,0.000,0.000,;
/*,134,*/,111001100110110100111100000000,0,1,0,0,0,0,0,0,0,0,0.132,0.500,4.710,9.337,15.029,20.812,0.909,0.000,0.000,0.727,0.000,70.787,98.025,0.000,140.326,194.322,0.000,0.000,;
/*,135,*/,110111100100110100111000000000,0,1,0,0,0,0,0,0,0,0,0.139,0.273,4.501,2.887,14.760,20.021,0.667,0.000,0.000,0.583,0.000,66.435,90.115,0.000,42.612,57.801,0.000,0.000,;
/*,136,*/,110111100101111101101100000000,0,1,0,0,0,0,0,0,0,0,0.113,0.409,4.297,7.494,14.521,20.038,0.750,0.000,0.000,0.688,0.000,62.397,86.103,0.000,108.820,150.165,0.000,0.000,;
/*,137,*/,110100100000111101111100000000,0,1,0,0,0,0,0,0,0,0,0.166,0.389,5.346,1.513,14.847,20.386,0.714,0.000,0.000,0.429,0.000,79.372,108.984,0.000,22.464,30.844,0.000,0.000,;
/*,138,*/,110101110101011000011100000000,0,1,0,0,0,0,0,0,0,0,0.146,0.409,4.534,1.086,14.835,20.439,0.929,0.000,0.000,0.571,0.000,67.262,92.670,0.000,16.111,22.197,0.000,0.000,;
/*,139,*/,010111101001010100100100000000,0,1,0,0,0,0,0,0,0,0,0.128,0.294,3.158,0.440,15.109,20.567,0.667,0.000,0.000,0.833,0.000,47.714,64.951,0.000,6.648,9.049,0.000,0.000,;
/*,140,*/,011111011001110010001110100101,0,0,0,0,1,0,0,0,0,0,0.056,0.138,1.940,410.375,1.660,6.311,0.167,0.111,0.000,1.000,0.000,3.220,12.243,0.000,681.223,2589.877,0.000,0.000,;
/*,141,*/,010110011111011100101010000100,0,0,0,0,1,0,0,0,0,0,0.056,0.167,2.072,319.723,2.405,6.481,0.063,0.063,0.000,1.000,0.000,4.983,13.429,0.000,768.934,2072.125,0.000,0.000,;
/*,142,*/,011100011011100001011010101101,0,0,0,0,1,0,0,0,0,0,0.046,0.143,2.621,1981.705,3.797,8.871,0.000,0.333,0.000,0.650,0.100,9.952,23.251,0.000,7524.534,17579.705,0.000,0.000,;
/*,143,*/,011101011011001000011010110100,0,0,0,0,1,0,0,0,0,0,0.060,0.222,2.294,443.037,1.652,6.933,0.133,0.067,0.000,0.938,0.063,3.790,15.904,0.000,731.897,3071.576,0.000,0.000,;
/*,144,*/,111000000011110010010110101000,0,0,0,0,1,0,0,0,0,0,0.063,0.167,3.079,478.153,2.416,7.922,0.071,0.000,0.000,1.000,0.000,7.439,24.392,0.000,1155.218,3787.928,0.000,0.000,;
/*,145,*/,111010011010001110010000001010,0,0,0,0,1,0,0,0,0,0,0.055,0.143,2.593,1341.091,1.564,5.892,0.267,0.200,0.000,0.867,0.000,4.055,15.278,0.000,2097.466,7901.708,0.000,0.000,;
/*,146,*/,111000000101100000000000000000,0,0,0,0,1,0,0,0,0,0,0.061,0.143,0.548,0.675,1.817,6.347,0.286,0.000,0.000,1.000,0.000,0.996,3.478,0.000,1.226,4.284,0.000,0.000,;
/*,147,*/,111000011100110110000100101111,0,0,0,0,1,0,0,0,0,0,0.051,0.118,2.557,487.519,1.889,5.974,0.158,0.158,0.000,0.773,0.136,4.830,15.276,0.000,920.923,2912.439,0.000,0.000,;
/*,148,*/,111110010000000000000000000000,0,0,0,0,1,0,0,0,0,0,0.075,0.231,1.863,91.202,2.273,7.427,0.143,0.000,0.000,1.000,0.000,4.235,13.837,0.000,207.302,677.357,0.000,0.000,;
/*,149,*/,010000011101001101101100100110,0,0,0,0,1,0,0,0,0,0,0.066,0.286,2.687,144.340,2.106,6.777,0.000,0.067,0.000,0.938,0.063,5.659,18.210,0.000,303.980,978.192,0.000,0.000,;
/*,150,*/,111000011000000000100001000100,0,0,0,0,1,0,0,0,0,0,0.077,0.231,2.853,159.954,1.834,7.733,0.100,0.000,0.000,1.000,0.000,5.232,22.062,0.000,293.356,1236.924,0.000,0.000,;
/*,151,*/,110111011101111011101111000100,0,0,0,0,1,0,0,0,0,0,0.053,0.129,3.146,2405.356,1.957,6.666,0.043,0.087,0.000,0.957,0.000,6.157,20.971,0.000,4707.282,16034.103,0.000,0.000,;
/*,152,*/,010001100111000000001010100000,0,0,0,0,1,0,0,0,0,0,0.056,0.118,1.374,42.390,2.040,7.517,0.200,0.000,0.000,0.909,0.091,2.803,10.328,0.000,86.476,318.646,0.000,0.000,;
/*,153,*/,010001100010010000001100001100,0,0,0,0,0,0,0,0,1,0,0.063,0.133,2.584,673.692,2.550,5.247,0.000,0.778,0.000,0.333,0.444,6.589,13.558,0.000,1717.915,3534.862,0.000,0.000,;
/*,154,*/,011110010010101100000000000000,0,0,0,0,1,0,0,0,0,0,0.057,0.105,2.113,195.353,2.364,7.084,0.100,0.100,0.000,1.000,0.000,4.995,14.968,0.000,461.814,1383.881,0.000,0.000,;
/*,155,*/,110111110000100001100000100110,0,0,0,0,1,0,0,0,0,0,0.059,0.174,2.031,197.854,2.976,7.465,0.000,0.429,0.000,0.571,0.000,6.044,15.161,0.000,588.814,1476.980,0.000,0.000,;
/*,156,*/,010010000100001000101101100000,0,0,0,0,1,0,0,0,0,0,0.060,0.143,1.285,57.817,0.956,3.498,0.000,1.000,0.000,1.000,0.000,1.228,4.495,0.000,55.273,202.244,0.000,0.000,;
/*,157,*/,010011011111011100100000000000,0,0,0,0,1,0,0,0,0,0,0.053,0.115,1.219,230.437,3.119,6.721,0.000,0.214,0.000,0.625,0.125,3.802,8.193,0.000,718.733,1548.767,0.000,0.000,;
/*,158,*/,110001101000110011100100110000,0,0,1,0,0,0,0,0,0,0,0.047,0.100,1.659,4631.778,7.354,12.508,0.000,0.231,0.000,0.692,0.000,12.200,20.751,0.000,34062.095,57934.279,0.000,0.000,;
/*,159,*/,110110010111110000100100001001,0,0,0,0,1,0,0,0,0,0,0.045,0.087,1.027,1262.664,2.491,6.179,0.000,0.500,0.000,0.563,0.188,2.558,6.346,0.000,3145.296,7802.001,0.000,0.000,;
/*,160,*/,110001111000000000000000000000,0,0,0,0,1,0,0,0,0,0,0.053,0.125,1.608,152.352,1.339,4.598,0.000,1.000,0.000,0.714,0.143,2.153,7.394,0.000,203.999,700.514,0.000,0.000,;
/*,161,*/,110010101110100100101000000111,0,0,0,0,1,0,0,0,0,0,0.042,0.103,1.636,213.653,1.258,5.517,0.143,0.714,0.000,0.857,0.000,2.058,9.026,0.000,268.775,1178.724,0.000,0.000,;
/*,162,*/,010101010010000000101101100011,0,0,0,0,1,0,0,0,0,0,0.082,0.185,2.112,77.730,0.976,4.475,0.000,1.000,0.000,1.000,0.000,2.061,9.451,0.000,75.864,347.842,0.000,0.000,;
/*,163,*/,010111001100001001001101101001,0,0,0,0,1,0,0,0,0,0,0.050,0.115,1.804,146.381,2.077,5.853,0.000,0.688,0.000,0.750,0.000,3.747,10.559,0.000,304.033,856.768,0.000,0.000,;
/*,164,*/,110000111100110010101010100010,0,0,0,0,1,0,0,0,0,0,0.056,0.143,1.718,115.320,2.027,5.767,0.000,0.786,0.000,0.714,0.000,3.482,9.908,0.000,233.754,665.050,0.000,0.000,;
/*,165,*/,110111001110011011111110100011,0,0,0,0,1,0,0,0,0,0,0.048,0.179,2.296,1066.565,1.465,4.824,0.000,1.000,0.000,0.688,0.250,3.364,11.076,0.000,1562.518,5145.110,0.000,0.000,;
/*,166,*/,110111010100000010100111000000,0,0,0,0,0,0,1,0,0,0,0.055,0.125,1.915,394.710,1.184,5.899,0.000,0.923,0.000,0.769,0.077,2.267,11.297,0.000,467.337,2328.394,0.000,0.000,;
/*,167,*/,110011111110001100000011000000,0,0,0,0,0,0,1,0,0,0,0.069,0.240,1.535,455.693,2.912,11.456,0.000,0.786,0.000,0.333,0.133,4.470,17.585,0.000,1326.978,5220.419,0.000,0.000,;
/*,168,*/,111010000010011111111010001000,0,0,0,0,0,0,1,0,0,0,0.066,0.261,2.513,102.956,1.833,9.700,0.000,0.938,0.000,0.125,0.000,4.606,24.376,0.000,188.718,998.673,0.000,0.000,;
/*,169,*/,111100000011000011001010001010,0,0,0,0,0,0,1,0,0,0,0.077,0.261,1.885,16.869,1.932,10.023,0.000,0.923,0.000,0.077,0.154,3.642,18.893,0.000,32.591,169.078,0.000,0.000,;
/*,170,*/,110100100000100110100000001010,0,0,0,0,0,0,1,0,0,0,0.077,0.250,2.032,41.379,1.761,10.563,0.000,1.000,0.000,0.182,0.182,3.578,21.464,0.000,72.868,437.086,0.000,0.000,;
/*,171,*/,110101100001011011010011001000,0,0,0,0,0,0,1,0,0,0,0.072,0.217,1.948,1373.359,2.069,9.273,0.000,0.923,0.000,0.308,0.000,4.030,18.064,0.000,2841.480,12735.158,0.000,0.000,;
/*,172,*/,111010011000011101001011000000,0,0,0,0,0,0,1,0,0,0,0.059,0.167,2.332,2740.811,2.022,12.122,0.077,0.846,0.000,0.231,0.154,4.715,28.269,0.000,5541.920,33224.111,0.000,0.000,;
/*,173,*/,110101000010101011000010001110,0,0,0,0,0,0,1,0,0,0,0.097,0.250,1.875,785.079,1.871,11.782,0.091,0.818,0.000,0.091,0.273,3.508,22.091,0.000,1468.883,9249.801,0.000,0.000,;
/*,174,*/,110001111101111111100000000000,0,0,0,0,1,0,0,0,0,0,0.051,0.100,1.454,352.668,2.499,4.943,0.063,0.625,0.000,0.556,0.167,3.634,7.187,0.000,881.317,1743.238,0.000,0.000,;
/*,175,*/,011001011000010000010000110010,0,0,0,0,0,0,1,0,0,0,0.077,0.150,1.453,349.355,6.670,14.663,0.000,0.077,0.000,0.769,0.000,9.692,21.305,0.000,2330.198,5122.592,0.000,0.000,;
/*,176,*/,111000010100001010000000010000,0,0,0,0,0,0,1,0,0,0,0.062,0.111,1.302,200.172,3.041,11.643,0.000,0.889,0.000,0.222,0.222,3.959,15.159,0.000,608.723,2330.603,0.000,0.000,;
/*,177,*/,110000111000011100000110111100,0,0,1,0,0,0,0,0,0,0,0.066,0.138,2.414,134.475,10.822,20.964,0.000,0.000,0.000,0.067,0.000,26.124,50.607,0.000,1455.288,2819.134,0.000,0.000,;
/*,178,*/,011000101100111110010100000110,0,0,1,0,0,0,0,0,0,0,0.058,0.148,2.512,84.672,10.758,22.787,0.000,0.000,0.000,0.200,0.000,27.024,57.241,0.000,910.901,1929.421,0.000,0.000,;
/*,179,*/,011100001100000001101011111011,0,0,1,0,0,0,0,0,0,0,0.064,0.167,3.184,1397.912,10.936,21.960,0.000,0.000,0.000,0.118,0.000,34.820,69.921,0.000,15287.566,30698.148,0.000,0.000,;
/*,180,*/,111101000010010110011111001000,0,0,1,0,0,0,0,0,0,0,0.069,0.167,2.751,767.779,10.800,21.977,0.000,0.000,0.000,0.313,0.000,29.711,60.459,0.000,8292.013,16873.479,0.000,0.000,;
/*,181,*/,010000001000000000010000001011,0,0,1,0,0,0,0,0,0,0,0.059,0.083,1.225,66.364,8.922,19.319,0.000,0.000,0.000,0.143,0.000,10.929,23.666,0.000,592.100,1282.086,0.000,0.000,;
/*,182,*/,011000001000001000101000010000,0,0,1,0,0,0,0,0,0,0,0.092,0.286,3.278,196.934,8.899,14.526,0.250,0.000,0.000,0.375,0.000,29.171,47.616,0.000,1752.516,2860.663,0.000,0.000,;
/*,183,*/,110000000000011000110010000000,0,0,1,0,0,0,0,0,0,0,0.106,0.188,2.108,9.631,8.289,13.309,0.111,0.000,0.000,0.889,0.000,17.473,28.055,0.000,79.831,128.179,0.000,0.000,;
/*,184,*/,111000000101101000001101001000,0,0,1,0,0,0,0,0,0,0,0.076,0.286,1.761,253.262,9.303,14.711,0.143,0.000,0.000,0.571,0.000,16.383,25.906,0.000,2356.096,3725.737,0.000,0.000,;
/*,185,*/,111111111001000000000000000000,0,0,0,0,1,0,0,0,0,0,0.048,0.091,1.174,1224.039,1.496,6.632,0.000,0.455,0.000,0.727,0.000,1.756,7.786,0.000,1831.162,8117.827,0.000,0.000,;
/*,186,*/,010100000110010110000110001000,0,0,0,0,0,0,0,0,0,1,0.079,0.333,2.791,242.140,2.563,12.165,0.000,0.000,0.091,0.818,0.000,7.153,33.953,0.254,620.605,2945.633,22.035,0.233,;
/*,187,*/,010010010001011101010010100000,0,0,0,0,0,0,0,0,0,1,0.063,0.125,2.380,199.896,3.027,12.224,0.000,0.000,0.077,0.923,0.000,7.204,29.093,0.183,605.085,2443.529,15.392,0.233,;
/*,188,*/,010011100000001010101000110000,0,0,1,0,0,0,0,0,0,0,0.065,0.143,2.951,4339.956,5.873,10.946,0.333,0.000,0.000,0.667,0.000,17.331,32.302,0.000,25488.562,47505.158,0.000,0.000,;
/*,189,*/,010011011101011000000101000010,0,0,0,0,0,0,0,0,0,1,0.083,0.222,3.964,133.131,2.872,12.415,0.000,0.000,0.000,1.000,0.000,11.385,49.213,0.000,382.352,1652.821,0.000,0.000,;
/*,190,*/,010010001000110000100110110000,0,0,0,0,0,0,0,0,0,1,0.102,0.231,4.921,92.911,3.091,12.203,0.000,0.000,0.000,1.000,0.000,15.211,60.051,0.000,287.188,1133.793,0.000,0.000,;
/*,191,*/,010001010010000000100000000000,0,0,0,0,0,0,0,0,0,1,0.085,0.182,3.240,47.572,3.675,12.010,0.000,0.000,0.000,0.857,0.000,11.907,38.912,0.000,174.827,571.340,0.000,0.000,;
/*,192,*/,011001001100000010000000000000,0,0,0,0,0,0,0,0,0,1,0.084,0.200,2.500,97.827,3.174,10.226,0.000,0.000,0.000,1.000,0.000,7.935,25.565,0.000,310.503,1000.379,0.000,0.000,;
/*,193,*/,010000000010111100100000000000,0,0,0,0,0,0,0,0,0,1,0.086,0.182,4.081,299.612,2.834,10.246,0.000,0.000,0.000,1.000,0.000,11.566,41.814,0.000,849.100,3069.825,0.000,0.000,;
/*,194,*/,011100001000100000000000000000,0,0,0,0,0,0,0,0,0,1,0.085,0.182,2.598,130.792,2.851,9.789,0.000,0.000,0.000,1.000,0.000,7.407,25.432,0.000,372.888,1280.323,0.000,0.000,;
/*,195,*/,011010001001001000010101011000,0,0,0,0,0,0,0,0,0,1,0.075,0.188,3.850,214.725,3.560,10.767,0.000,0.000,0.000,1.000,0.000,13.706,41.453,0.000,764.421,2311.944,0.000,0.000,;
/*,196,*/,010000000101000000000110000001,0,0,0,0,0,0,0,0,0,1,0.095,0.231,2.712,42.703,3.004,11.999,0.000,0.000,0.000,1.000,0.000,8.147,32.541,0.000,128.280,512.393,0.000,0.000,;
/*,197,*/,010000001000001001001010001000,0,0,0,0,0,0,0,0,0,1,0.094,0.214,3.584,197.394,3.403,12.474,0.000,0.000,0.143,0.857,0.000,12.196,44.707,0.513,671.732,2462.293,28.227,0.487,;
/*,198,*/,010000000011001000101000010000,0,0,0,0,0,0,0,0,0,1,0.084,0.182,3.568,2454.885,2.835,9.978,0.000,0.000,0.000,1.000,0.000,10.115,35.602,0.000,6959.599,24494.843,0.000,0.000,;
/*,199,*/,010000001000010000001000101010,0,0,0,0,0,0,0,0,0,1,0.080,0.200,3.116,71.090,2.917,11.306,0.000,0.000,0.000,1.000,0.000,9.089,35.229,0.000,207.370,803.744,0.000,0.000,;
/*,200,*/,010000001000011000000100000000,0,0,0,0,0,0,0,0,0,1,0.107,0.333,3.250,65.695,3.035,11.360,0.000,0.000,0.000,1.000,0.000,9.864,36.920,0.000,199.384,746.295,0.000,0.000,;
/*,201,*/,111000001101000110010011101010,0,0,0,0,0,0,0,0,0,1,0.073,0.176,4.778,604.844,3.440,11.629,0.000,0.000,0.000,0.933,0.067,16.436,55.563,0.000,2080.663,7033.731,0.000,0.000,;
/*,202,*/,010000110001010000000000000010,0,0,0,0,0,0,0,0,0,1,0.081,0.188,1.634,21.168,2.785,11.559,0.000,0.000,0.000,1.000,0.000,4.551,18.887,0.000,58.953,244.681,0.000,0.000,;
/*,203,*/,011000101000000010000000100000,0,0,0,0,0,0,0,0,0,1,0.115,0.500,2.376,52.714,3.835,11.013,0.000,0.000,0.000,1.000,0.000,9.112,26.167,0.000,202.158,580.539,0.000,0.000,;
/*,204,*/,011100101001111010011010000100,0,0,0,0,1,0,0,0,0,0,0.071,0.227,3.242,593.501,2.015,7.702,0.000,0.071,0.000,0.933,0.067,6.533,24.970,0.000,1195.905,4571.145,0.000,0.000,;
/*,205,*/,011110011011000001001100000000,0,0,0,0,1,0,0,0,0,0,0.068,0.200,2.904,409.754,2.438,8.557,0.000,0.000,0.000,1.000,0.000,7.080,24.850,0.000,998.980,3506.265,0.000,0.000,;
/*,206,*/,010100001000010000100000100000,0,0,0,0,1,0,0,0,0,0,0.075,0.200,3.008,279.428,2.275,8.300,0.000,0.000,0.000,1.000,0.000,6.843,24.966,0.000,635.699,2319.252,0.000,0.000,;
/*,207,*/,011000110010000000010010000000,0,0,0,0,1,0,0,0,0,0,0.088,0.222,1.932,22.932,1.895,8.173,0.000,0.000,0.000,1.000,0.000,3.661,15.790,0.000,43.456,187.423,0.000,0.000,;
/*,208,*/,011011111011011010010010100000,0,0,0,0,1,0,0,0,0,0,0.051,0.120,1.845,2739.850,4.444,10.478,0.000,0.000,0.000,1.000,0.000,8.199,19.332,0.000,12175.893,28708.148,0.000,0.000,;
/*,209,*/,011000000011010110001000010001,0,0,0,0,1,0,0,0,0,0,0.056,0.120,1.714,593.126,2.534,7.267,0.000,0.286,0.000,1.000,0.000,4.343,12.456,0.000,1502.981,4310.247,0.000,0.000,;
/*,210,*/,010000000010001000010100110000,0,0,0,0,0,0,0,0,0,1,0.084,0.214,3.342,350.063,3.261,12.985,0.000,0.000,0.250,0.750,0.000,10.898,43.396,0.836,1141.555,4545.568,87.516,0.815,;
/*,211,*/,010010010010101100110101100100,0,0,0,0,1,0,0,0,0,0,0.074,0.227,4.105,521.837,1.981,6.915,0.154,0.077,0.000,0.923,0.000,8.132,28.386,0.000,1033.759,3608.503,0.000,0.000,;
/*,212,*/,011000111010000000000100000000,0,0,0,0,1,0,0,0,0,0,0.062,0.158,1.036,105.529,2.633,8.128,0.000,0.000,0.000,0.900,0.100,2.728,8.421,0.000,277.858,857.740,0.000,0.000,;
/*,213,*/,110000010000010000100100010001,0,0,0,0,0,0,0,0,0,1,0.073,0.154,3.196,88.801,2.395,11.807,0.000,0.000,0.000,1.000,0.000,7.654,37.735,0.000,212.678,1048.473,0.000,0.000,;
/*,214,*/,011000011011100000010001010100,0,0,0,0,0,1,0,0,0,0,0.090,0.214,2.847,189.987,17.957,33.332,0.846,0.000,0.071,0.357,0.000,51.124,94.896,0.202,3411.597,6332.647,13.489,1.275,;
/*,215,*/,011001110011000001110100011100,0,0,0,0,0,1,0,0,0,0,0.096,0.300,3.194,1681.958,14.298,31.556,0.545,0.000,0.000,0.182,0.000,45.668,100.790,0.000,24048.635,53075.867,0.000,0.000,;
/*,216,*/,010000010100000000010000000100,0,0,0,0,0,1,0,0,0,0,0.092,0.182,3.261,625.356,16.970,32.408,0.750,0.000,0.000,0.250,0.000,55.339,105.682,0.000,10612.291,20266.537,0.000,0.000,;
/*,217,*/,010000101000000010001000100100,0,0,0,0,0,1,0,0,0,0,0.097,0.182,2.487,32.098,19.971,33.374,0.833,0.000,0.200,0.400,0.200,49.668,83.001,0.497,641.029,1071.239,6.420,3.994,;
/*,218,*/,011001000010001000111100001100,0,0,0,0,0,1,0,0,0,0,0.110,0.300,2.764,37.238,13.342,31.185,0.273,0.000,0.000,0.273,0.000,36.877,86.195,0.000,496.829,1161.267,0.000,0.000,;
/*,219,*/,010000101001000110000000001000,0,0,0,0,0,1,0,0,0,0,0.098,0.214,2.361,32.953,16.784,31.488,0.571,0.000,0.111,0.222,0.111,39.627,74.343,0.262,553.083,1037.624,3.658,1.863,;
/*,220,*/,010000001000000000010001100000,0,0,0,0,0,1,0,0,0,0,0.101,0.214,1.900,8.620,18.127,32.740,0.667,0.000,0.000,0.333,0.000,34.441,62.206,0.000,156.255,282.219,0.000,0.000,;
/*,221,*/,010000101010000100001000000000,0,0,0,0,0,1,0,0,0,0,0.066,0.133,1.484,53.671,15.669,31.600,0.500,0.000,0.000,0.429,0.143,23.253,46.894,0.000,840.971,1696.004,0.000,0.000,;
/*,222,*/,010000101001000001111000000110,0,0,0,0,0,1,0,0,0,0,0.100,0.353,3.805,699.544,12.899,29.283,0.200,0.000,0.000,0.200,0.000,49.081,111.422,0.000,9023.418,20484.747,0.000,0.000,;
/*,223,*/,010000100000000010110001001000,0,0,0,0,0,1,0,0,0,0,0.097,0.267,2.142,144.825,14.465,30.356,0.250,0.000,0.000,0.375,0.000,30.984,65.023,0.000,2094.894,4396.308,0.000,0.000,;
/*,224,*/,011000010100000000110100111100,0,0,0,0,0,1,0,0,0,0,0.092,0.294,2.595,103.887,14.730,30.208,0.500,0.000,0.000,0.250,0.000,38.224,78.390,0.000,1530.256,3138.218,0.000,0.000,;
/*,225,*/,010000000100000000001100000100,0,0,0,0,0,1,0,0,0,0,0.095,0.182,1.876,14.291,19.020,32.331,0.833,0.000,0.000,0.667,0.000,35.682,60.653,0.000,271.815,462.042,0.000,0.000,;
/*,226,*/,011100101101001010110101001100,0,0,0,0,0,1,0,0,0,0,0.052,0.136,3.141,9143.791,11.202,24.338,0.000,0.000,0.000,0.353,0.000,35.185,76.446,0.000,102428.747,222541.585,0.000,0.000,;
/*,227,*/,110000001101000010111000000110,0,0,0,0,0,1,0,0,0,0,0.112,0.353,3.151,116.287,12.124,28.713,0.167,0.000,0.000,0.333,0.000,38.203,90.475,0.000,1409.864,3338.949,0.000,0.000,;
/*,228,*/,110100100110011010101100100110,0,0,0,0,0,1,0,0,0,0,0.068,0.227,3.065,1718.503,13.601,30.995,0.313,0.000,0.000,0.235,0.059,41.687,95.000,0.000,23373.359,53265.000,0.000,0.000,;
/*,229,*/,010100110000100100010000011000,0,0,0,0,0,1,0,0,0,0,0.052,0.105,1.905,630.107,14.181,30.792,0.400,0.000,0.000,0.000,0.000,27.015,58.659,0.000,8935.547,19402.255,0.000,0.000,;
/*,230,*/,011000001010001000101000000101,0,0,0,0,0,1,0,0,0,0,0.080,0.235,1.974,5.611,11.290,27.517,0.000,0.000,0.000,0.400,0.000,22.286,54.319,0.000,63.348,154.398,0.000,0.000,;
/*,231,*/,011000111001000001100000011010,0,0,0,0,0,1,0,0,0,0,0.058,0.130,2.994,4084.184,14.203,27.201,0.455,0.000,0.000,0.364,0.000,42.524,81.440,0.000,58007.665,111093.889,0.000,0.000,;
/*,232,*/,110001100000001000111001000100,0,0,0,0,0,1,0,0,0,0,0.089,0.211,2.662,214.354,11.169,27.717,0.000,0.000,0.000,0.444,0.000,29.732,73.783,0.000,2394.120,5941.250,0.000,0.000,;
/*,233,*/,110000000001000100011000101110,0,0,0,0,0,1,0,0,0,0,0.107,0.222,4.039,180.817,12.534,30.287,0.100,0.000,0.000,0.100,0.000,50.625,122.329,0.000,2266.360,5476.404,0.000,0.000,;
/*,234,*/,111100101111000000111000000000,0,0,0,0,0,1,0,0,0,0,0.079,0.235,2.375,34.049,11.133,26.085,0.000,0.000,0.000,0.308,0.000,26.441,61.952,0.000,379.068,888.168,0.000,0.000,;
/*,235,*/,110000101001000000011000011110,0,0,0,0,0,1,0,0,0,0,0.092,0.333,4.031,69.907,11.717,27.837,0.091,0.000,0.000,0.364,0.000,47.231,112.211,0.000,819.100,1946.001,0.000,0.000,;
/*,236,*/,100011010001100110001101101000,0,0,0,0,1,0,0,0,0,0,0.045,0.071,0.748,134.380,3.644,8.163,0.000,0.000,0.000,1.000,0.000,2.726,6.106,0.000,489.681,1096.944,0.000,0.000,;
/*,237,*/,101110011011001010001111000101,0,0,0,0,1,0,0,0,0,0,0.052,0.143,2.925,1444.472,2.345,6.315,0.235,0.118,0.000,0.882,0.000,6.859,18.471,0.000,3387.287,9121.841,0.000,0.000,;
/*,238,*/,100011000110111110111000100000,0,0,0,0,1,0,0,0,0,0,0.050,0.174,2.561,2303.799,2.370,6.038,0.067,0.533,0.000,0.750,0.188,6.070,15.463,0.000,5460.004,13910.338,0.000,0.000,;
/*,239,*/,101000101100001000000000000100,0,0,0,0,0,0,0,0,0,1,0.085,0.182,3.364,54.894,3.546,10.683,0.000,0.000,0.000,1.000,0.000,11.929,35.938,0.000,194.654,586.433,0.000,0.000,;
/*,240,*/,100000110100000000001000010000,0,0,0,0,0,0,0,0,0,1,0.083,0.231,2.175,84.065,3.947,12.034,0.000,0.000,0.000,1.000,0.000,8.585,26.174,0.000,331.805,1011.638,0.000,0.000,;
/*,241,*/,100110001000000011000000000000,0,0,0,0,0,0,0,0,0,1,0.090,0.182,1.862,30.055,2.755,11.082,0.000,0.000,0.000,1.000,0.000,5.130,20.635,0.000,82.802,333.070,0.000,0.000,;
/*,242,*/,100101001001010000000000000000,0,0,0,0,0,0,0,0,0,1,0.082,0.182,1.508,2.595,2.971,13.016,0.000,0.000,0.125,0.875,0.000,4.480,19.628,0.189,7.710,33.777,0.324,0.371,;
/*,243,*/,100000111000000000000010000000,0,0,1,0,0,0,0,0,0,0,0.096,0.200,1.385,53.898,7.648,15.637,0.000,0.000,0.167,0.667,0.000,10.592,21.657,0.231,412.212,842.803,9.001,1.277,;
/*,244,*/,100000000000010001100010100111,0,0,1,0,0,0,0,0,0,0,0.060,0.133,2.738,1131.995,9.270,16.050,0.000,0.000,0.077,0.692,0.000,25.381,43.945,0.211,10493.594,18168.520,87.164,0.714,;
/*,245,*/,100000000000100001000010001010,0,0,0,0,0,0,0,0,0,1,0.073,0.077,0.677,0.517,4.654,16.418,0.000,0.000,0.400,0.600,0.000,3.151,11.115,0.271,2.406,8.488,0.207,1.862,;
/*,246,*/,100000001000110100010100000000,0,0,0,0,1,0,0,0,0,0,0.057,0.167,1.619,95.070,2.586,7.830,0.125,0.000,0.000,0.889,0.111,4.187,12.677,0.000,245.851,744.398,0.000,0.000,;
/*,247,*/,101100000001111110101100001000,0,0,1,0,0,0,0,0,0,0,0.085,0.250,2.996,531.274,9.724,14.872,0.154,0.000,0.000,0.769,0.000,29.133,44.557,0.000,5166.108,7901.107,0.000,0.000,;
/*,248,*/,100000010000111100011100011000,0,0,1,0,0,0,0,0,0,0,0.071,0.250,2.911,9760.306,7.316,13.010,0.083,0.250,0.000,0.833,0.000,21.297,37.872,0.000,71406.399,126981.581,0.000,0.000,;
/*,249,*/,101100001100011000101000111000,0,0,0,0,0,0,0,0,0,1,0.074,0.158,3.371,65.571,3.468,11.896,0.000,0.000,0.125,0.875,0.000,11.691,40.101,0.421,227.400,780.033,8.196,0.434,;
/*,250,*/,100011101010100010100010001011,0,0,0,0,1,0,0,0,0,0,0.045,0.080,0.792,30.332,2.365,4.862,0.071,0.571,0.000,0.500,0.000,1.873,3.851,0.000,71.735,147.474,0.000,0.000,;
/*,251,*/,100000011000001101011000000100,0,0,0,0,1,0,0,0,0,0,0.061,0.143,1.969,173.226,2.476,5.644,0.100,0.300,0.000,0.727,0.091,4.875,11.113,0.000,428.908,977.688,0.000,0.000,;
/*,252,*/,100111111010011000111000011101,0,0,0,0,1,0,0,0,0,0,0.044,0.129,1.681,439.997,1.928,8.449,0.056,0.833,0.000,0.526,0.211,3.241,14.203,0.000,848.314,3717.535,0.000,0.000,;
/*,253,*/,100011010111111010101111000110,0,0,0,0,1,0,0,0,0,0,0.047,0.185,3.556,8618.754,1.255,5.422,0.000,1.000,0.000,0.632,0.211,4.463,19.281,0.000,10816.536,46730.884,0.000,0.000,;
/*,254,*/,100001011110001110000100001101,0,0,0,0,1,0,0,0,0,0,0.045,0.148,1.626,479.631,1.487,4.003,0.000,0.667,0.000,0.692,0.077,2.418,6.509,0.000,713.211,1919.963,0.000,0.000,;
/*,255,*/,100000000000001011000011101100,1,0,0,0,0,0,0,0,0,0,0.094,0.214,1.297,5.056,8.567,17.785,0.000,0.000,0.000,0.222,0.000,11.111,23.067,0.000,43.315,89.921,0.000,0.000,;
/*,256,*/,100001001110000000010001000100,0,0,0,0,1,0,0,0,0,0,0.072,0.200,2.310,310.219,1.703,6.756,0.111,0.111,0.000,1.000,0.000,3.934,15.606,0.000,528.303,2095.840,0.000,0.000,;
/*,257,*/,100001100001010011000000000001,0,0,0,0,0,0,1,0,0,0,0.056,0.111,1.357,63.583,1.220,12.268,0.400,0.600,0.000,0.000,0.000,1.656,16.648,0.000,77.571,780.036,0.000,0.000,;
/*,258,*/,101000100010000111001111000000,0,0,0,0,0,0,1,0,0,0,0.053,0.115,1.977,271.712,2.145,10.906,0.000,0.917,0.000,0.231,0.154,4.241,21.561,0.000,582.822,2963.291,0.000,0.000,;
/*,259,*/,101001110001101101001001001000,0,0,0,0,0,0,1,0,0,0,0.073,0.174,1.757,155.762,2.446,13.094,0.000,0.857,0.000,0.200,0.000,4.298,23.006,0.000,380.994,2039.548,0.000,0.000,;
/*,260,*/,100111011001011101011110000101,0,0,0,0,0,0,1,0,0,0,0.052,0.148,1.589,145.818,2.164,8.963,0.000,0.824,0.000,0.235,0.235,3.439,14.242,0.000,315.550,1306.967,0.000,0.000,;
/*,261,*/,101011001001111001101010000010,0,0,0,0,0,0,1,0,0,0,0.066,0.200,1.936,1740.403,1.704,11.718,0.091,0.909,0.000,0.455,0.182,3.299,22.686,0.000,2965.647,20394.042,0.000,0.000,;
/*,262,*/,100010111101110001101111000010,0,0,0,0,0,0,1,0,0,0,0.059,0.259,2.186,287.097,1.476,6.374,0.000,1.000,0.000,0.647,0.059,3.227,13.934,0.000,423.755,1829.956,0.000,0.000,;
/*,263,*/,100000101001010011111111001110,0,0,0,0,0,0,1,0,0,0,0.066,0.259,2.520,226.870,1.630,8.604,0.000,0.944,0.000,0.389,0.000,4.108,21.682,0.000,369.798,1951.989,0.000,0.000,;
/*,264,*/,100000010000100000111000000000,1,0,0,0,0,0,0,0,0,0,0.064,0.083,2.940,5874.590,0.920,25.187,0.167,0.167,0.167,0.000,0.000,2.705,74.050,0.491,5404.623,147963.298,981.057,0.154,;
/*,265,*/,100101100000101000010010001000,1,0,0,0,0,0,0,0,0,0,0.060,0.071,1.011,49.496,4.324,21.598,0.000,0.000,0.091,0.182,0.091,4.372,21.836,0.092,214.021,1069.015,4.504,0.393,;
/*,266,*/,100100010000100001001100000000,1,0,0,0,0,0,0,0,0,0,0.090,0.154,2.441,40.731,0.765,25.875,0.000,0.000,0.111,0.000,0.222,1.867,63.161,0.271,31.159,1053.915,4.521,0.085,;
/*,267,*/,100101000000010110000100001000,1,0,0,0,0,0,0,0,0,0,0.094,0.250,2.468,169.665,1.723,29.897,0.250,0.000,0.000,0.250,0.125,4.252,73.786,0.000,292.333,5072.475,0.000,0.000,;
/*,268,*/,100000100000010000010110000000,1,0,0,0,0,0,0,0,0,0,0.076,0.154,2.446,498.567,3.356,25.483,0.000,0.000,0.000,0.143,0.143,8.209,62.331,0.000,1673.191,12704.983,0.000,0.000,;
/*,269,*/,100000000110011110001100110000,1,0,0,0,0,0,0,0,0,0,0.085,0.188,2.365,2070.879,6.408,18.829,0.000,0.000,0.000,0.455,0.000,15.155,44.531,0.000,13270.193,38992.581,0.000,0.000,;
/*,270,*/,100001000000001010010010001000,1,0,0,0,0,0,0,0,0,0,0.106,0.231,2.064,14.422,7.119,19.782,0.000,0.000,0.000,0.500,0.000,14.694,40.830,0.000,102.670,285.296,0.000,0.000,;
/*,271,*/,100001000110010011100000000010,1,0,0,0,0,0,0,0,0,0,0.094,0.250,2.084,1075.702,6.546,22.763,0.111,0.000,0.000,0.556,0.000,13.642,47.438,0.000,7041.545,24486.205,0.000,0.000,;
/*,272,*/,100111011111110000010001000110,0,0,0,0,0,1,0,0,0,0,0.054,0.192,2.111,132.998,10.858,24.717,0.133,0.000,0.000,0.467,0.000,22.921,52.178,0.000,1444.092,3287.312,0.000,0.000,;
/*,273,*/,101001001000111110001101000111,0,0,1,0,0,0,0,0,0,0,0.058,0.125,2.265,339.502,10.608,20.376,0.000,0.000,0.000,0.313,0.000,24.027,46.152,0.000,3601.437,6917.693,0.000,0.000,;
/*,274,*/,101000101100000000000000000000,0,0,1,0,0,0,0,0,0,0,0.067,0.136,1.205,14.305,10.842,21.245,0.000,0.000,0.000,0.143,0.000,13.065,25.600,0.000,155.095,303.910,0.000,0.000,;
/*,275,*/,100100000001111100000001000000,0,0,0,0,0,1,0,0,0,0,0.071,0.167,2.495,74.872,11.361,22.884,0.111,0.000,0.000,0.111,0.000,28.346,57.096,0.000,850.621,1713.371,0.000,0.000,;
/*,276,*/,101000101011101100010000101101,0,0,0,0,0,1,0,0,0,0,0.080,0.250,2.675,509.447,12.438,28.860,0.083,0.000,0.077,0.308,0.000,33.272,77.201,0.206,6336.502,14702.640,39.227,0.958,;
/*,277,*/,101001101101000100010000001110,0,0,0,0,0,1,0,0,0,0,0.101,0.333,4.286,243.242,13.226,29.518,0.231,0.000,0.000,0.538,0.000,56.687,126.514,0.000,3217.119,7180.017,0.000,0.000,;
/*,278,*/,101000001100001010011000010110,0,0,0,0,0,1,0,0,0,0,0.094,0.250,1.754,473.854,12.607,29.700,0.125,0.000,0.000,0.500,0.000,22.113,52.094,0.000,5973.877,14073.464,0.000,0.000,;
/*,279,*/,100001001001000000111100110100,0,0,0,0,0,1,0,0,0,0,0.085,0.222,2.786,446.268,12.378,29.459,0.273,0.000,0.000,0.273,0.000,34.485,82.073,0.000,5523.905,13146.609,0.000,0.000,;
/*,280,*/,101100100001000100110000001100,0,0,0,0,0,1,0,0,0,0,0.084,0.190,1.865,21.528,12.320,27.828,0.100,0.000,0.000,0.200,0.000,22.977,51.899,0.000,265.225,599.081,0.000,0.000,;
/*,281,*/,100000001001010000111000000100,0,0,0,0,0,1,0,0,0,0,0.092,0.250,3.890,1720.684,12.298,26.856,0.250,0.000,0.000,0.125,0.000,47.839,104.470,0.000,21160.972,46210.690,0.000,0.000,;
/*,282,*/,101000101111011000001001000001,0,0,0,0,0,0,0,1,0,0,0.068,0.238,3.046,320.194,2.716,2.665,0.000,0.643,0.786,0.000,0.000,8.273,8.118,2.394,869.647,853.317,251.672,2.135,;
/*,283,*/,101000101101001000001110100000,0,0,0,0,0,0,0,1,0,0,0.055,0.125,2.228,118.808,3.350,4.355,0.000,1.000,0.571,0.071,0.143,7.464,9.703,1.272,398.007,517.409,67.839,1.913,;
/*,284,*/,100111111001110000001000100100,0,0,0,0,0,0,0,1,0,0,0.068,0.240,3.006,204.580,3.949,4.571,0.000,1.000,0.625,0.125,0.125,11.871,13.740,1.879,807.886,935.135,127.863,2.468,;
/*,285,*/,100111100011011000110100001100,0,0,0,0,0,0,0,0,1,0,0.056,0.167,3.350,158.846,3.212,4.306,0.000,1.000,0.429,0.190,0.190,10.760,14.425,1.437,510.213,683.991,68.145,1.378,;
/*,286,*/,100110111000000000000000000000,0,0,0,0,0,0,0,1,0,0,0.079,0.267,3.308,335.257,3.892,4.862,0.000,1.000,0.625,0.125,0.125,12.875,16.083,2.068,1304.820,1630.020,209.536,2.433,;
/*,287,*/,100100110001000001001000000000,0,0,0,0,0,0,0,1,0,0,0.077,0.250,2.343,33.758,4.046,4.511,0.000,0.750,0.636,0.000,0.273,9.480,10.569,1.490,136.585,152.282,21.470,2.573,;
/*,288,*/,101101010010010010110000001100,0,0,0,0,0,0,0,1,0,0,0.058,0.158,2.892,445.716,3.453,4.500,0.000,1.000,0.550,0.150,0.300,9.986,13.014,1.591,1539.057,2005.722,245.144,1.899,;
/*,289,*/,101100011100001000011110010101,0,0,0,0,0,0,0,1,0,0,0.060,0.174,3.239,118.649,3.865,4.097,0.000,0.941,0.444,0.000,0.111,12.519,13.270,1.438,458.578,486.105,52.680,1.716,;
/*,290,*/,100001011011010001010100010001,0,0,0,0,0,0,0,1,0,0,0.059,0.238,2.591,205.183,3.833,4.179,0.000,0.917,0.714,0.071,0.071,9.931,10.828,1.850,786.466,857.460,146.501,2.737,;
/*,291,*/,101000111101101010000010000100,0,0,0,0,0,0,0,1,0,0,0.057,0.174,2.493,265.767,4.015,4.512,0.000,0.923,0.500,0.000,0.250,10.009,11.248,1.247,1067.055,1199.141,132.884,2.008,;
/*,292,*/,101001111101100001001010010001,0,0,0,0,0,0,0,1,0,0,0.058,0.174,2.813,351.643,3.791,4.521,0.000,0.929,0.706,0.000,0.176,10.664,12.718,1.986,1333.079,1589.778,248.260,2.676,;
/*,293,*/,100010000001001100001100100010,0,0,0,0,0,0,0,0,1,0,0.067,0.176,4.091,682.269,3.044,7.043,0.000,1.000,0.167,0.083,0.500,12.453,28.813,0.683,2076.827,4805.221,113.939,0.508,;
/*,294,*/,101100011000000000101100001100,0,0,0,0,0,0,0,0,1,0,0.073,0.222,4.490,333.557,2.649,4.747,0.000,1.000,0.308,0.154,0.385,11.894,21.314,1.383,883.592,1583.395,102.736,0.816,;
/*,295,*/,101100000100000000000100001000,0,0,0,0,0,0,0,0,1,0,0.067,0.167,3.211,145.844,2.598,3.568,0.000,1.000,0.571,0.286,0.143,8.342,11.457,1.833,378.903,520.371,83.277,1.483,;
/*,296,*/,100100000010001011111100000001,0,0,0,0,0,0,0,0,1,0,0.069,0.222,4.947,2234.939,2.452,5.467,0.000,1.000,0.188,0.188,0.500,12.130,27.045,0.930,5480.070,12218.412,420.169,0.461,;
/*,297,*/,101100101100000100000000000000,0,0,0,0,0,0,0,0,1,0,0.058,0.100,3.998,1922.349,2.586,6.887,0.000,1.000,0.000,0.125,0.375,10.339,27.534,0.000,4971.195,13239.218,0.000,0.000,;
/*,298,*/,100000000010010000010000100100,0,0,0,0,0,0,0,0,1,0,0.099,0.273,5.819,58.007,2.064,5.020,0.000,1.000,0.000,0.000,1.000,12.010,29.211,0.000,119.726,291.195,0.000,0.000,;
/*,299,*/,100000001001000000000100001100,0,0,0,0,0,0,0,0,1,0,0.069,0.182,5.291,2001.422,3.195,6.378,0.000,0.714,0.231,0.385,0.385,16.905,33.746,1.222,6394.543,12765.070,462.328,0.738,;
/*,300,*/,100100100000011000000000001100,0,0,0,0,0,0,0,0,1,0,0.085,0.211,4.771,185.015,3.291,5.608,0.000,1.000,0.167,0.167,0.583,15.701,26.756,0.797,608.884,1037.564,30.898,0.550,;
/*,301,*/,100000000000001010000100111000,0,0,0,0,0,0,0,0,1,0,0.093,0.222,5.895,75.651,2.619,5.189,0.000,1.000,0.000,0.000,0.571,15.439,30.589,0.000,198.130,392.553,0.000,0.000,;
/*,302,*/,101000010000111000011100111111,0,0,0,0,0,0,0,0,1,0,0.089,0.353,5.944,107.340,3.155,5.699,0.000,1.000,0.056,0.056,0.778,18.753,33.875,0.333,338.658,611.731,6.011,0.177,;
/*,303,*/,101110110110000101001010000100,0,0,0,0,0,0,0,1,0,0,0.059,0.182,2.878,1055.858,4.168,5.290,0.000,1.000,0.600,0.067,0.267,11.996,15.225,1.727,4400.816,5585.489,633.515,2.501,;
/*,304,*/,101111100011001111101110001000,0,0,0,0,0,0,0,0,1,0,0.063,0.167,5.011,1868.347,3.340,4.965,0.000,1.000,0.321,0.214,0.393,16.737,24.880,1.609,6240.279,9276.343,599.739,1.072,;
/*,305,*/,101011000001000000000010001000,0,0,0,0,0,0,0,0,1,0,0.059,0.083,1.555,612.499,2.002,5.033,0.000,0.857,0.286,0.429,0.286,3.113,7.826,0.445,1226.223,3082.707,175.175,0.573,;
/*,306,*/,101011100001011011001010001001,0,0,0,0,0,0,1,0,0,0,0.067,0.125,2.584,662.509,1.435,7.769,0.000,0.929,0.000,0.429,0.143,3.708,20.075,0.000,950.700,5147.032,0.000,0.000,;
/*,307,*/,100001100010001000100011100111,0,0,0,0,0,0,0,0,1,0,0.057,0.238,3.346,455.364,1.542,4.849,0.000,1.000,0.000,0.538,0.385,5.160,16.225,0.000,702.171,2208.060,0.000,0.000,;
/*,308,*/,101111001010010110100011000110,0,0,0,0,0,0,0,0,1,0,0.052,0.167,2.663,2007.174,2.347,4.919,0.000,0.882,0.105,0.316,0.526,6.250,13.099,0.280,4710.837,9873.289,210.753,0.246,;
/*,309,*/,101111000001001001010100101000,0,0,0,0,0,0,0,0,1,0,0.082,0.333,6.368,628.374,2.988,5.240,0.000,1.000,0.071,0.071,0.643,19.028,33.368,0.452,1877.582,3292.680,44.615,0.212,;
/*,310,*/,100011101011001100010000000100,0,0,0,0,0,0,0,0,1,0,0.049,0.105,2.998,1847.709,3.070,5.607,0.000,0.833,0.214,0.357,0.286,9.204,16.810,0.642,5672.467,10360.104,395.410,0.657,;
/*,311,*/,101101000011101000001101100010,0,0,0,0,0,0,0,0,1,0,0.083,0.333,5.300,723.316,2.905,5.486,0.000,1.000,0.000,0.071,0.786,15.397,29.076,0.000,2101.233,3968.112,0.000,0.000,;
/*,312,*/,101010101101001001000000000100,0,0,0,0,0,0,0,1,0,0,0.066,0.150,4.653,2984.188,2.558,6.588,0.091,0.818,0.231,0.154,0.308,11.902,30.654,1.075,7633.553,19659.831,689.347,0.591,;
/*,313,*/,101111001010100100010101110100,0,0,0,0,0,0,0,0,1,0,0.096,0.333,5.508,266.513,2.988,5.078,0.000,1.000,0.100,0.150,0.650,16.458,27.970,0.551,796.341,1353.353,26.651,0.299,;
/*,314,*/,101000100001110000010100100001,0,0,0,0,0,0,0,0,1,0,0.113,0.385,6.066,75.839,2.203,5.459,0.000,1.000,0.000,0.000,1.000,13.363,33.114,0.000,167.073,414.005,0.000,0.000,;
/*,315,*/,101001100000001010001111001100,0,0,0,0,0,0,0,0,1,0,0.078,0.261,5.581,217.142,3.191,5.765,0.000,1.000,0.071,0.071,0.786,17.809,32.174,0.396,692.900,1251.824,15.417,0.227,;
/*,316,*/,101010011010010000110010001100,0,0,0,0,0,0,0,0,1,0,0.073,0.250,3.456,301.558,3.011,4.825,0.000,1.000,0.235,0.118,0.529,10.406,16.675,0.812,907.991,1455.017,70.866,0.708,;
/*,317,*/,101000001000000001010000101000,0,0,0,0,0,0,0,0,1,0,0.105,0.250,4.967,14.401,2.521,4.652,0.000,1.000,0.111,0.111,0.667,12.522,23.106,0.551,36.305,66.993,1.599,0.280,;
/*,318,*/,101011100010111100110100100101,0,0,0,0,0,0,0,0,1,0,0.093,0.238,5.522,340.180,3.280,4.884,0.000,1.000,0.190,0.095,0.571,18.112,26.969,1.049,1115.790,1661.439,64.634,0.623,;
/*,319,*/,100011100011110010010101100011,0,0,0,0,0,0,0,0,1,0,0.088,0.333,5.265,328.601,2.872,5.469,0.000,1.000,0.000,0.000,0.938,15.121,28.794,0.000,943.742,1797.119,0.000,0.000,;
/*,320,*/,100111100000011111100110101001,0,0,0,1,0,0,0,0,0,0,0.060,0.238,4.377,459.101,2.901,7.677,0.000,1.000,0.000,0.188,0.188,12.698,33.602,0.000,1331.852,3524.518,0.000,0.000,;
/*,321,*/,101110100001000101101010101011,0,0,0,1,0,0,0,0,0,0,0.067,0.348,3.440,117.681,2.992,7.406,0.000,1.000,0.200,0.000,0.250,10.292,25.477,0.688,352.102,871.545,23.536,0.598,;
/*,322,*/,101100000100000100111010111100,0,0,0,1,0,0,0,0,0,0,0.065,0.348,3.761,216.167,3.284,6.984,0.000,1.000,0.200,0.067,0.200,12.351,26.267,0.752,709.892,1509.710,43.233,0.657,;
/*,323,*/,100001001100010110000110100010,0,0,0,0,0,0,0,1,0,0,0.052,0.238,3.302,4244.964,4.534,5.161,0.000,0.917,0.471,0.118,0.294,14.971,17.042,1.555,19246.667,21908.259,1999.378,2.136,;
/*,324,*/,100100011100000010001000110010,0,0,0,0,0,0,0,1,0,0,0.071,0.211,4.300,408.541,3.854,5.352,0.000,1.000,0.368,0.105,0.263,16.572,23.014,1.582,1574.517,2186.511,150.343,1.418,;
/*,325,*/,101100011001011100011000000000,0,0,0,1,0,0,0,0,0,0,0.058,0.143,1.935,256.934,4.445,5.422,0.000,0.917,0.357,0.071,0.143,8.601,10.492,0.691,1142.072,1393.096,91.725,1.587,;
/*,326,*/,100100111110000010000000000000,0,0,0,0,0,0,0,1,0,0,0.068,0.118,2.462,184.076,4.612,4.737,0.000,1.000,0.667,0.000,0.111,11.355,11.662,1.642,848.959,871.968,122.779,3.076,;
/*,327,*/,101111101111001001010000101001,0,0,0,1,0,0,0,0,0,0,0.051,0.156,2.731,122.255,4.022,6.588,0.000,1.000,0.333,0.048,0.333,10.984,17.992,0.909,491.710,805.416,40.711,1.339,;
/*,328,*/,101100001111010100010010100000,0,0,0,1,0,0,0,0,0,0,0.050,0.118,2.010,280.888,4.988,5.887,0.000,1.000,0.412,0.000,0.235,10.026,11.833,0.828,1401.069,1653.588,115.726,2.055,;
/*,329,*/,100010101001000110001000101100,0,0,0,1,0,0,0,0,0,0,0.063,0.167,3.686,204.019,2.436,7.071,0.000,1.000,0.154,0.231,0.154,8.979,26.064,0.568,496.990,1442.618,31.419,0.375,;
/*,330,*/,100000110101100010001110001000,0,0,0,1,0,0,0,0,0,0,0.063,0.208,3.929,470.104,3.419,5.862,0.000,0.923,0.278,0.167,0.222,13.433,23.032,1.092,1607.286,2755.750,130.689,0.950,;
/*,331,*/,100001100100000111100010001100,0,0,0,1,0,0,0,0,0,0,0.069,0.222,3.798,128.349,2.793,6.649,0.000,1.000,0.154,0.308,0.154,10.608,25.253,0.585,358.479,853.393,19.766,0.430,;
/*,332,*/,101100010001000000010100100001,0,0,0,0,0,0,0,1,0,0,0.109,0.250,4.355,14.319,3.684,2.509,0.000,0.111,0.500,0.000,0.100,16.044,10.927,2.178,52.751,35.926,7.160,1.842,;
/*,333,*/,100000001101000011000101000010,0,0,0,0,0,0,0,1,0,0,0.069,0.222,2.668,25.206,4.862,3.966,0.000,0.778,0.400,0.100,0.200,12.972,10.581,1.067,122.552,99.967,10.082,1.945,;
/*,334,*/,101100101101010100111000010000,0,1,0,0,0,0,0,0,0,0,0.128,0.250,4.691,5.022,14.862,20.227,0.615,0.000,0.000,0.923,0.000,69.718,94.885,0.000,74.637,101.580,0.000,0.000,;
/*,335,*/,101100100100110100110100000000,0,1,0,0,0,0,0,0,0,0,0.136,0.500,4.327,3.510,14.665,20.272,0.636,0.000,0.000,0.818,0.000,63.455,87.717,0.000,51.474,71.155,0.000,0.000,;
/*,336,*/,101111110010001010010000000000,0,1,0,0,0,0,0,0,0,0,0.077,0.250,3.160,120.896,9.863,8.573,0.500,0.000,0.000,0.833,0.000,31.167,27.091,0.000,1192.397,1036.441,0.000,0.000,;
/*,337,*/,101001111001111111111111010000,0,1,0,0,0,0,0,0,0,0,0.113,0.370,5.262,209.838,12.015,12.850,0.350,0.000,0.000,0.950,0.000,63.223,67.617,0.000,2521.204,2696.418,0.000,0.000,;
/*,338,*/,000101010000000001001010000000,1,0,0,0,0,0,0,0,0,0,0.142,0.300,1.455,1481.722,4.342,19.313,0.000,0.000,0.000,0.333,0.000,6.318,28.100,0.000,6433.637,28616.497,0.000,0.000,;
/*,339,*/,000101000000001100000001010000,1,0,0,0,0,0,0,0,0,0,0.109,0.200,2.004,75.177,1.777,30.687,0.167,0.000,0.000,0.167,0.167,3.561,61.497,0.000,133.590,2306.957,0.000,0.000,;
/*,340,*/,001101010000000001000100000000,1,0,0,0,0,0,0,0,0,0,0.088,0.167,1.342,243.548,1.080,28.160,0.000,0.000,0.000,0.000,0.000,1.449,37.791,0.000,263.032,6858.312,0.000,0.000,;
/*,341,*/,001100011101111000000100101011,0,0,1,0,0,0,0,0,0,0,0.067,0.174,2.570,437.296,10.676,19.765,0.000,0.000,0.000,0.133,0.000,27.437,50.796,0.000,4668.572,8643.155,0.000,0.000,;
/*,342,*/,000101001000010100011000100000,0,0,1,0,0,0,0,0,0,0,0.080,0.176,3.087,708.575,11.065,21.308,0.000,0.000,0.000,0.333,0.000,34.158,65.778,0.000,7840.382,15098.316,0.000,0.000,;
/*,343,*/,001111001000111101000101100110,0,0,1,0,0,0,0,0,0,0,0.063,0.143,2.694,451.597,10.340,21.135,0.000,0.000,0.000,0.278,0.000,27.856,56.938,0.000,4669.513,9544.503,0.000,0.000,;
/*,344,*/,001100101000000000000000001010,0,0,1,0,0,0,0,0,0,0,0.068,0.083,1.401,49.735,7.295,18.933,0.000,0.000,0.300,0.300,0.000,10.220,26.525,0.420,362.817,941.633,14.921,2.189,;
/*,345,*/,000100000100011010000000010001,0,0,0,0,0,0,0,0,0,1,0.082,0.167,2.948,109.448,3.291,11.354,0.000,0.000,0.000,1.000,0.000,9.702,33.472,0.000,360.193,1242.673,0.000,0.000,;
/*,346,*/,001100101100001000110000001100,0,0,0,0,0,0,0,0,0,1,0.075,0.214,3.365,210.920,2.978,11.433,0.000,0.000,0.000,1.000,0.000,10.021,38.472,0.000,628.120,2411.448,0.000,0.000,;
/*,347,*/,001100001110010000000100001000,0,0,0,0,0,0,0,0,0,1,0.068,0.143,3.982,230.878,2.379,11.889,0.000,0.000,0.000,0.875,0.000,9.473,47.342,0.000,549.259,2744.909,0.000,0.000,;
/*,348,*/,001100000000010000110110110000,0,0,0,0,1,0,0,0,0,0,0.065,0.214,1.830,130.893,2.910,8.268,0.000,0.000,0.000,0.875,0.125,5.325,15.130,0.000,380.899,1082.223,0.000,0.000,;
/*,349,*/,000101010100001100000001100000,0,0,0,0,0,0,0,0,0,1,0.078,0.188,3.019,2358.504,3.271,11.679,0.000,0.000,0.000,1.000,0.000,9.875,35.259,0.000,7714.667,27544.968,0.000,0.000,;
/*,350,*/,000100000101010100010000010010,0,0,0,0,0,0,0,0,0,1,0.066,0.143,2.525,172.304,3.722,13.346,0.000,0.000,0.167,0.750,0.000,9.398,33.699,0.422,641.315,2299.569,28.775,0.622,;
/*,351,*/,001100111000010101000001101000,0,0,1,0,0,0,0,0,0,0,0.077,0.182,2.971,1384.095,8.583,14.505,0.000,0.000,0.000,0.833,0.000,25.500,43.094,0.000,11879.687,20076.298,0.000,0.000,;
/*,352,*/,001101100000010100111000101101,0,0,1,0,0,0,0,0,0,0,0.076,0.182,2.054,996.259,7.695,13.060,0.000,0.067,0.000,0.933,0.000,15.806,26.825,0.000,7666.213,13011.143,0.000,0.000,;
/*,353,*/,000100110000111110110100001100,0,0,1,0,0,0,0,0,0,0,0.075,0.227,2.981,478.951,9.545,14.994,0.000,0.000,0.000,0.867,0.000,28.454,44.697,0.000,4571.587,7181.391,0.000,0.000,;
/*,354,*/,000101110000001000100000100000,0,0,1,0,0,0,0,0,0,0,0.084,0.231,3.185,285.165,11.199,16.324,0.000,0.000,0.000,0.875,0.000,35.669,51.992,0.000,3193.563,4655.033,0.000,0.000,;
/*,355,*/,000101000000001110110000100000,0,0,1,0,0,0,0,0,0,0,0.076,0.143,1.712,244.007,8.226,14.075,0.000,0.000,0.000,0.600,0.100,14.083,24.096,0.000,2007.202,3434.399,0.000,0.000,;
/*,356,*/,001100101000100000111001100000,0,0,0,0,0,1,0,0,0,0,0.078,0.211,3.456,517.624,14.052,28.525,0.300,0.000,0.091,0.364,0.000,48.564,98.582,0.314,7273.652,14765.225,47.104,1.279,;
/*,357,*/,000111110100101100100000001011,0,0,0,0,1,0,0,0,0,0,0.051,0.176,2.577,905.073,1.835,4.971,0.071,0.571,0.000,0.714,0.000,4.729,12.810,0.000,1660.809,4499.118,0.000,0.000,;
/*,358,*/,000101110100011000111000000100,0,0,0,0,1,0,0,0,0,0,0.077,0.182,2.391,79.594,2.034,7.245,0.000,0.000,0.000,0.917,0.083,4.863,17.323,0.000,161.894,576.659,0.000,0.000,;
/*,359,*/,000101011010000001010000000000,0,0,0,0,0,0,1,0,0,0,0.068,0.125,0.650,7.728,5.530,12.987,0.000,0.143,0.000,0.714,0.000,3.595,8.442,0.000,42.736,100.364,0.000,0.000,;
/*,360,*/,001111010000001100100111101011,0,0,0,0,1,0,0,0,0,0,0.049,0.115,2.567,486.754,1.917,5.751,0.176,0.353,0.000,0.941,0.000,4.921,14.763,0.000,933.107,2799.322,0.000,0.000,;
/*,361,*/,000110111100111111101110101000,0,0,0,0,1,0,0,0,0,0,0.050,0.115,2.629,684.799,2.349,5.490,0.105,0.474,0.000,0.619,0.095,6.176,14.433,0.000,1608.593,3759.547,0.000,0.000,;
/*,362,*/,000101011000101100001001100000,0,0,0,0,0,0,1,0,0,0,0.057,0.200,1.918,563.033,3.003,10.928,0.000,0.700,0.000,0.400,0.200,5.760,20.960,0.000,1690.788,6152.825,0.000,0.000,;
/*,363,*/,000111110000000000000000000000,0,0,0,0,1,0,0,0,0,0,0.063,0.176,1.635,57.894,2.258,5.058,0.000,0.500,0.000,0.500,0.000,3.692,8.270,0.000,130.725,292.828,0.000,0.000,;
/*,364,*/,001110110101100110100001001100,0,0,0,0,1,0,0,0,0,0,0.050,0.200,2.486,2931.195,1.799,5.676,0.000,1.000,0.000,0.467,0.133,4.472,14.111,0.000,5273.220,16637.463,0.000,0.000,;
/*,365,*/,001101011000010100100101101000,0,0,0,0,1,0,0,0,0,0,0.057,0.136,2.603,728.460,2.349,5.288,0.000,0.500,0.000,0.750,0.000,6.114,13.765,0.000,1711.153,3852.096,0.000,0.000,;
/*,366,*/,000111010010001000100000001100,0,0,0,0,0,0,0,0,1,0,0.057,0.118,2.701,307.114,2.562,5.301,0.000,1.000,0.000,0.222,0.444,6.920,14.318,0.000,786.826,1628.011,0.000,0.000,;
/*,367,*/,000110010000000001100100000111,0,0,0,0,1,0,0,0,0,0,0.056,0.174,3.110,7810.659,1.359,5.345,0.091,0.545,0.000,0.818,0.091,4.226,16.623,0.000,10614.686,41747.972,0.000,0.000,;
/*,368,*/,001110000011001101001011101111,0,0,0,0,1,0,0,0,0,0,0.059,0.174,2.910,435.610,0.956,4.314,0.235,0.471,0.000,1.000,0.000,2.782,12.554,0.000,416.443,1879.222,0.000,0.000,;
/*,369,*/,000101011010001001111000000010,0,0,0,0,0,0,1,0,0,0,0.049,0.100,1.663,672.928,3.603,11.113,0.000,0.455,0.000,0.364,0.000,5.992,18.481,0.000,2424.560,7478.249,0.000,0.000,;
/*,370,*/,001111000010001110111100000000,0,1,0,0,0,0,0,0,0,0,0.086,0.250,2.425,36.098,8.904,7.049,0.462,0.000,0.000,0.769,0.000,21.592,17.094,0.000,321.417,254.455,0.000,0.000,;
/*,371,*/,001110111110011011100110010000,0,1,0,0,0,0,0,0,0,0,0.096,0.207,3.824,101.476,11.132,10.776,0.412,0.000,0.000,0.882,0.000,42.569,41.207,0.000,1129.631,1093.505,0.000,0.000,;
/*,372,*/,001110111111011111111110110000,0,1,0,0,0,0,0,0,0,0,0.101,0.281,5.033,475.922,12.076,12.902,0.429,0.000,0.000,1.000,0.000,60.779,64.936,0.000,5747.234,6140.346,0.000,0.000,;
/*,373,*/,001111111000101110110010110000,0,1,0,0,0,0,0,0,0,0,0.123,0.250,5.538,89.221,11.467,11.225,0.438,0.000,0.000,1.000,0.000,63.504,62.164,0.000,1023.097,1001.506,0.000,0.000,;
/*,374,*/,001100001100011001110101000000,0,1,0,0,0,0,0,0,0,0,0.069,0.250,3.026,646.547,13.303,16.684,0.667,0.000,0.000,0.833,0.000,40.255,50.486,0.000,8601.015,10786.990,0.000,0.000,;
/*,375,*/,000100110100011100111100110000,0,1,0,0,0,0,0,0,0,0,0.095,0.292,4.339,22.600,13.449,17.193,0.615,0.000,0.000,0.692,0.000,58.355,74.600,0.000,303.947,388.562,0.000,0.000,;
/*,376,*/,000101100101011000011100000000,0,1,0,0,0,0,0,0,0,0,0.166,0.389,5.158,1.513,15.450,20.434,0.750,0.000,0.000,0.667,0.000,79.691,105.399,0.000,23.376,30.917,0.000,0.000,;
/*,377,*/,000100100100001000101000000000,0,1,0,0,0,0,0,0,0,0,0.119,0.250,4.232,3.190,14.011,18.719,0.857,0.000,0.000,0.714,0.000,59.295,79.219,0.000,44.695,59.714,0.000,0.000,;
/*,378,*/,000111001000000100001010110100,0,0,0,1,0,0,0,0,0,0,0.073,0.222,2.324,62.210,2.837,6.068,0.000,1.000,0.105,0.316,0.316,6.593,14.102,0.244,176.490,377.490,6.532,0.298,;
/*,379,*/,001100111010001011001000010000,0,0,0,1,0,0,0,0,0,0,0.060,0.227,4.044,1485.324,3.824,6.639,0.000,0.909,0.154,0.077,0.231,15.464,26.848,0.623,5679.879,9861.066,228.740,0.589,;
/*,380,*/,001100100001011110100100111011,0,0,0,1,0,0,0,0,0,0,0.052,0.185,3.037,155.114,2.815,7.731,0.000,1.000,0.000,0.063,0.125,8.549,23.479,0.000,436.646,1199.186,0.000,0.000,;
/*,381,*/,000100011000001000000010000110,0,0,0,1,0,0,0,0,0,0,0.063,0.154,2.177,32.661,3.696,4.935,0.000,0.750,0.308,0.308,0.308,8.046,10.743,0.671,120.715,161.182,10.060,1.138,;
/*,382,*/,001100111100000100001101111100,0,0,0,1,0,0,0,0,0,0,0.078,0.150,2.501,171.179,2.899,6.242,0.000,1.000,0.133,0.133,0.267,7.250,15.611,0.333,496.248,1068.499,22.767,0.386,;
/*,383,*/,000111111000100100001100111000,0,0,0,1,0,0,0,0,0,0,0.076,0.316,3.738,259.802,3.321,5.696,0.000,0.857,0.176,0.176,0.235,12.414,21.292,0.658,862.802,1479.832,45.725,0.584,;
/*,384,*/,001110111111000000111000010110,0,0,0,0,0,0,0,1,0,0,0.064,0.190,4.394,677.652,3.175,4.788,0.000,1.000,0.579,0.053,0.158,13.951,21.038,2.544,2151.545,3244.598,392.361,1.838,;
/*,385,*/,001100000001100000011000100001,0,0,0,0,0,0,0,1,0,0,0.082,0.214,3.453,27.150,3.623,2.916,0.000,0.429,0.571,0.000,0.000,12.510,10.069,1.972,98.364,79.169,15.503,2.069,;
/*,386,*/,001100111100010101101101101100,0,0,0,0,0,0,0,1,0,0,0.051,0.115,3.300,381.356,4.198,4.603,0.000,1.000,0.500,0.154,0.192,13.853,15.190,1.650,1600.932,1755.382,190.678,2.099,;
/*,387,*/,001111000100011000000000000000,0,0,0,0,0,0,0,1,0,0,0.057,0.105,0.624,1.658,2.527,4.056,0.000,0.875,0.500,0.000,0.400,1.577,2.531,0.312,4.190,6.725,0.829,1.264,;
/*,388,*/,001101101100000100101110001000,0,0,0,0,0,0,0,1,0,0,0.050,0.136,2.163,6977.105,2.368,3.788,0.000,0.923,0.714,0.143,0.071,5.122,8.193,1.544,16521.785,26429.274,4981.653,1.691,;
/*,389,*/,001111101000000010110010011100,0,0,0,0,0,0,0,1,0,0,0.061,0.167,2.695,140.621,3.058,4.251,0.000,1.000,0.588,0.118,0.176,8.241,11.456,1.585,430.019,597.780,82.685,1.798,;
/*,390,*/,001101010001000010110100011100,0,0,0,0,0,0,0,0,1,0,0.061,0.167,3.091,6053.686,2.343,4.784,0.000,1.000,0.625,0.125,0.250,7.242,14.787,1.932,14183.786,28960.834,3783.554,1.464,;
/*,391,*/,000110111111010000001000000100,0,0,0,0,0,0,0,1,0,0,0.064,0.174,4.440,1567.757,3.726,4.750,0.000,1.000,0.588,0.118,0.176,16.543,21.090,2.611,5841.463,7446.846,921.841,2.191,;
/*,392,*/,000110101001100011101011000000,0,0,0,0,0,0,0,1,0,0,0.060,0.267,3.788,7968.004,2.832,7.380,0.154,0.846,0.333,0.111,0.333,10.728,27.955,1.261,22565.387,58803.870,2653.345,0.943,;
/*,393,*/,001101111111000001000110000001,0,0,0,0,0,0,0,1,0,0,0.085,0.250,4.097,150.615,3.771,5.030,0.000,0.929,0.467,0.000,0.133,15.450,20.608,1.913,567.969,757.593,70.337,1.761,;
/*,394,*/,001011001001110100000000000000,0,0,0,0,0,1,0,0,0,0,0.072,0.150,2.352,559.434,10.806,24.500,0.000,0.000,0.000,0.444,0.000,25.416,57.624,0.000,6045.244,13706.133,0.000,0.000,;
/*,395,*/,001000111110010000010000000000,0,0,0,0,0,0,0,0,0,1,0.080,0.231,3.529,225.897,3.653,11.336,0.000,0.000,0.000,1.000,0.000,12.891,40.005,0.000,825.202,2560.768,0.000,0.000,;
/*,396,*/,001010000001110000100000100000,0,0,0,0,0,0,0,0,0,1,0.095,0.300,4.195,132.386,3.041,11.167,0.000,0.000,0.000,1.000,0.000,12.757,46.846,0.000,402.586,1478.354,0.000,0.000,;
/*,397,*/,001000101110110010111010100000,0,0,0,0,0,0,0,0,0,1,0.081,0.250,4.909,107.961,3.225,11.608,0.000,0.000,0.000,1.000,0.000,15.832,56.984,0.000,348.174,1253.211,0.000,0.000,;
/*,398,*/,001000111000100000000000100000,0,0,0,0,0,0,0,0,0,1,0.119,0.500,3.741,22.108,3.336,10.709,0.000,0.000,0.000,1.000,0.000,12.480,40.062,0.000,73.752,236.755,0.000,0.000,;
/*,399,*/,001000011000000000110000000110,0,0,0,0,0,0,0,0,0,1,0.095,0.214,3.358,34.658,3.141,11.848,0.000,0.000,0.000,1.000,0.000,10.547,39.786,0.000,108.861,410.628,0.000,0.000,;
/*,400,*/,001000011110011000000000100100,0,0,0,0,0,0,0,0,0,1,0.075,0.176,3.267,343.721,3.587,11.634,0.000,0.000,0.000,1.000,0.000,11.719,38.008,0.000,1232.927,3998.850,0.000,0.000,;
/*,401,*/,001001010000101010101100000000,0,0,0,0,0,0,0,0,0,1,0.076,0.188,4.022,5130.686,2.915,11.607,0.000,0.000,0.000,1.000,0.000,11.724,46.683,0.000,14955.950,59551.872,0.000,0.000,;
/*,402,*/,001001000100001001010000110000,0,0,0,0,0,0,0,0,0,1,0.074,0.167,3.428,5046.959,2.962,13.682,0.000,0.000,0.273,0.727,0.000,10.154,46.902,0.936,14949.093,69052.493,1377.820,0.809,;
/*,403,*/,001011001011001000111011100010,0,0,0,0,0,0,0,0,0,1,0.073,0.190,3.491,137.951,2.166,12.053,0.000,0.000,0.000,1.000,0.000,7.562,42.077,0.000,298.802,1662.723,0.000,0.000,;
/*,404,*/,001000111110001101100000000000,0,0,0,0,0,0,0,0,0,1,0.065,0.143,3.342,564.535,3.035,11.253,0.000,0.000,0.000,1.000,0.000,10.143,37.608,0.000,1713.364,6352.712,0.000,0.000,;
/*,405,*/,001000101110100000010001000000,0,0,0,0,0,0,0,0,0,1,0.088,0.214,3.580,159.662,3.463,11.197,0.000,0.000,0.000,1.000,0.000,12.398,40.085,0.000,552.910,1787.735,0.000,0.000,;
/*,406,*/,001001110000110000000000000000,0,0,0,0,1,0,0,0,0,0,0.079,0.182,1.969,138.611,5.074,10.682,0.000,0.000,0.000,1.000,0.000,9.991,21.033,0.000,703.312,1480.643,0.000,0.000,;
/*,407,*/,001001010100001000100011000001,0,0,0,0,1,0,0,0,0,0,0.053,0.091,1.311,41.437,3.228,7.854,0.200,0.100,0.000,0.900,0.000,4.232,10.297,0.000,133.759,325.446,0.000,0.000,;
/*,408,*/,001000000010001000000000010010,0,0,1,0,0,0,0,0,0,0,0.068,0.182,2.640,1640.358,8.070,17.226,0.000,0.000,0.222,0.444,0.000,21.305,45.477,0.586,13237.689,28256.807,364.159,1.792,;
/*,409,*/,001011110001001110100000001100,0,0,0,0,1,0,0,0,0,0,0.056,0.174,1.378,172.157,2.812,6.956,0.000,0.308,0.000,0.769,0.000,3.875,9.585,0.000,484.105,1197.524,0.000,0.000,;
/*,410,*/,001000111100111001101100000100,0,0,0,0,1,0,0,0,0,0,0.091,0.286,3.296,259.300,2.154,7.156,0.000,0.000,0.000,0.933,0.067,7.100,23.586,0.000,558.532,1855.551,0.000,0.000,;
/*,411,*/,001000111001000000000001000010,0,0,0,0,0,0,0,1,0,0,0.071,0.176,4.091,140.605,3.884,3.956,0.000,0.714,0.429,0.000,0.000,15.889,16.184,1.755,546.110,556.233,60.320,1.666,;
/*,412,*/,001000100000011011110100000000,0,0,0,0,0,0,0,0,1,0,0.062,0.143,3.319,175.290,3.358,5.681,0.000,0.889,0.250,0.167,0.333,11.145,18.855,0.830,588.624,995.822,43.823,0.840,;
/*,413,*/,001000011101100000010101100001,0,0,0,0,0,0,0,1,0,0,0.052,0.125,2.796,369.370,3.918,4.399,0.000,0.917,0.750,0.000,0.000,10.955,12.300,2.097,1447.192,1624.859,277.028,2.939,;
/*,414,*/,001010100010010010001110001100,0,0,0,0,0,0,0,0,1,0,0.067,0.167,3.913,167.178,2.930,4.867,0.000,1.000,0.308,0.154,0.462,11.465,19.045,1.205,489.832,813.655,51.491,0.902,;
/*,415,*/,001000000000110000011100000101,0,0,0,0,0,0,0,0,1,0,0.109,0.353,5.675,59.569,3.313,5.705,0.000,1.000,0.100,0.100,0.700,18.801,32.376,0.568,197.352,339.841,5.957,0.331,;
/*,416,*/,001000000010001010100011111001,0,0,0,1,0,0,0,0,0,0,0.058,0.167,3.492,378.008,3.258,7.357,0.000,1.000,0.077,0.077,0.231,11.377,25.691,0.269,1231.550,2781.005,29.107,0.251,;
/*,417,*/,001000011001000000000000100000,0,0,0,0,0,0,0,1,0,0,0.091,0.250,3.788,95.968,2.726,2.469,0.000,0.143,0.571,0.000,0.000,10.326,9.353,2.163,261.609,236.945,54.798,1.557,;
/*,418,*/,001000110000000100000000000100,0,0,0,1,0,0,0,0,0,0,0.074,0.182,2.254,10.041,3.054,5.796,0.000,0.833,0.143,0.143,0.143,6.884,13.064,0.322,30.665,58.198,1.436,0.437,;
/*,419,*/,001000100000001101111010000000,0,0,0,1,0,0,0,0,0,0,0.067,0.200,3.177,46.194,3.339,7.350,0.000,1.000,0.100,0.100,0.100,10.608,23.351,0.318,154.242,339.526,4.619,0.334,;
/*,420,*/,001001111100001111000100100100,0,0,0,1,0,0,0,0,0,0,0.059,0.176,3.154,179.999,3.357,6.334,0.000,1.000,0.077,0.154,0.231,10.588,19.977,0.243,604.257,1140.114,13.860,0.258,;
/*,421,*/,001001101101000010000000000000,0,0,0,1,0,0,0,0,0,0,0.091,0.214,2.596,21.337,2.878,4.021,0.000,0.875,0.300,0.400,0.200,7.471,10.439,0.779,61.408,85.796,6.401,0.863,;
/*,422,*/,001011110000100000000000110000,0,0,0,1,0,0,0,0,0,0,0.085,0.313,2.881,69.103,3.257,6.065,0.000,1.000,0.091,0.182,0.000,9.383,17.473,0.262,225.068,419.110,6.288,0.296,;
/*,423,*/,001001100100100100001001110000,0,0,0,1,0,0,0,0,0,0,0.091,0.316,2.182,176.801,3.396,5.875,0.000,0.857,0.111,0.111,0.333,7.410,12.819,0.242,600.416,1038.706,19.625,0.377,;
/*,424,*/,000001000000110000010101100001,0,0,0,0,0,0,0,0,1,0,0.127,0.385,5.849,38.391,2.601,5.230,0.000,1.000,0.000,0.000,0.875,15.213,30.590,0.000,99.855,200.785,0.000,0.000,;
/*,425,*/,000001000000010010011100101100,0,0,0,0,0,0,0,0,1,0,0.112,0.308,6.573,182.696,2.644,5.900,0.000,1.000,0.000,0.000,0.889,17.379,38.781,0.000,483.048,1077.906,0.000,0.000,;
/*,426,*/,000001001001010000100010100001,0,0,0,0,0,0,0,0,1,0,0.075,0.231,3.347,46.157,3.206,5.201,0.000,1.000,0.100,0.100,0.700,10.730,17.408,0.335,147.979,240.063,4.616,0.321,;
/*,427,*/,000001100000110000001100000000,0,0,0,0,0,0,0,0,1,0,0.081,0.158,2.841,38.566,2.720,5.974,0.000,1.000,0.000,0.000,0.875,7.728,16.972,0.000,104.900,230.393,0.000,0.000,;
/*,428,*/,000001001000001110001011000000,0,0,0,0,0,0,0,1,0,0,0.066,0.158,2.024,42.461,2.797,3.465,0.000,0.778,0.111,0.000,0.111,5.661,7.013,0.225,118.763,147.127,4.713,0.310,;
/*,429,*/,000001100000001010101100000100,0,0,0,1,0,0,0,0,0,0,0.098,0.455,3.530,17.419,2.653,4.882,0.000,0.889,0.231,0.385,0.231,9.365,17.233,0.815,46.213,85.040,4.024,0.613,;
/*,430,*/,000011010100000000000011000000,0,0,0,1,0,0,0,0,0,0,0.069,0.091,1.264,554.616,3.465,5.905,0.000,1.000,0.500,0.000,0.500,4.380,7.464,0.632,1921.744,3275.007,277.308,1.733,;
/*,431,*/,000001100000011100001000010000,0,1,0,0,0,0,0,0,0,0,0.085,0.333,2.602,1.210,15.089,20.418,1.000,0.000,0.000,0.444,0.000,39.262,53.128,0.000,18.258,24.706,0.000,0.000,;
/*,432,*/,000001110000111100111000010000,0,1,0,0,0,0,0,0,0,0,0.085,0.333,3.884,15.326,14.720,19.697,0.769,0.000,0.000,0.615,0.000,57.172,76.503,0.000,225.599,301.876,0.000,0.000,;
/*,433,*/,000001011001011000110100100000,0,0,0,0,0,0,0,0,0,1,0.074,0.188,5.179,6045.745,4.698,13.414,0.000,0.000,0.125,0.875,0.000,24.331,69.471,0.647,28402.910,81097.623,755.718,0.587,;
/*,434,*/,000011000000000100100001001100,1,0,0,0,0,0,0,0,0,0,0.079,0.167,1.656,51.156,3.634,29.420,0.000,0.000,0.000,0.222,0.000,6.018,48.720,0.000,185.901,1505.010,0.000,0.000,;
/*,435,*/,000001000000001101100100000000,1,0,0,0,0,0,0,0,0,0,0.091,0.273,1.796,123.591,2.918,27.643,0.000,0.000,0.000,0.167,0.000,5.241,49.647,0.000,360.639,3416.426,0.000,0.000,;
/*,436,*/,000011010000101010001101000000,1,0,0,0,0,0,0,0,0,0,0.088,0.231,1.401,188.047,9.147,18.330,0.000,0.000,0.000,0.333,0.000,12.815,25.680,0.000,1720.066,3446.902,0.000,0.000,;
/*,437,*/,000011100000011010011100101110,1,0,0,0,0,0,0,0,0,0,0.062,0.188,2.538,2737.373,9.423,20.938,0.000,0.000,0.000,0.308,0.000,23.916,53.141,0.000,25794.266,57315.116,0.000,0.000,;
/*,438,*/,000011000100010010000100000000,1,0,0,0,0,0,0,0,0,0,0.098,0.250,3.005,576.388,6.352,23.175,0.167,0.000,0.000,0.667,0.000,19.088,69.641,0.000,3661.217,13357.792,0.000,0.000,;
/*,439,*/,000011100001001010000100000000,0,0,1,0,0,0,0,0,0,0,0.096,0.333,2.521,352.773,10.079,15.347,0.000,0.000,0.000,0.857,0.000,25.409,38.690,0.000,3555.599,5414.007,0.000,0.000,;
/*,440,*/,000011001100110110010110000001,0,0,1,0,0,0,0,0,0,0,0.072,0.190,2.812,104.185,10.836,19.778,0.000,0.000,0.000,0.077,0.000,30.471,55.616,0.000,1128.949,2060.571,0.000,0.000,;
/*,441,*/,000001000010011001110000111110,1,0,0,0,0,0,0,0,0,0,0.064,0.176,2.032,793.411,8.254,27.505,0.214,0.000,0.000,0.357,0.000,16.772,55.890,0.000,6548.814,21822.770,0.000,0.000,;
/*,442,*/,000001000010010000010000001100,1,0,0,0,0,0,0,0,0,0,0.111,0.182,0.782,7.955,8.157,24.411,0.000,0.000,0.000,0.500,0.000,6.379,19.089,0.000,64.889,194.190,0.000,0.000,;
/*,443,*/,000011110101100010100110101010,0,0,0,0,1,0,0,0,0,0,0.060,0.200,2.278,235.696,1.272,5.416,0.000,1.000,0.000,0.800,0.133,2.898,12.338,0.000,299.805,1276.530,0.000,0.000,;
/*,444,*/,000001110000110100101000100001,0,0,0,0,1,0,0,0,0,0,0.069,0.174,2.446,145.618,2.775,6.474,0.000,0.727,0.000,0.727,0.000,6.788,15.835,0.000,404.090,942.731,0.000,0.000,;
/*,445,*/,000011111111100110000010001101,0,0,0,0,1,0,0,0,0,0,0.058,0.160,1.391,46.742,3.656,8.135,0.125,0.063,0.000,0.667,0.111,5.085,11.316,0.000,170.889,380.246,0.000,0.000,;
/*,446,*/,000011011010000100011001101100,0,0,0,0,1,0,0,0,0,0,0.051,0.143,1.729,165.287,4.454,8.794,0.143,0.071,0.000,0.800,0.067,7.701,15.205,0.000,736.188,1453.534,0.000,0.000,;
/*,447,*/,000001111100011011000001001000,0,0,0,0,1,0,0,0,0,0,0.057,0.125,1.295,702.541,3.205,9.388,0.000,0.000,0.000,1.000,0.000,4.150,12.157,0.000,2251.644,6595.455,0.000,0.000,;
/*,448,*/,000011010111010000101111000000,0,0,0,0,1,0,0,0,0,0,0.059,0.154,2.411,263.080,1.423,5.421,0.214,0.357,0.000,0.929,0.000,3.431,13.070,0.000,374.363,1426.157,0.000,0.000,;
/*,449,*/,000001001001101100110000011000,0,0,1,0,0,0,0,0,0,0,0.059,0.188,2.290,4695.418,6.943,12.097,0.250,0.000,0.000,0.750,0.000,15.899,27.702,0.000,32600.287,56800.472,0.000,0.000,;
/*,450,*/,000001010000001100000000001100,1,0,0,0,0,0,0,0,0,0,0.111,0.273,2.504,3442.698,3.342,28.093,0.143,0.000,0.000,0.143,0.000,8.368,70.345,0.000,11505.497,96715.715,0.000,0.000,;
/*,451,*/,000010110010000000110000011000,0,0,0,0,0,0,0,1,0,0,0.078,0.190,1.996,53.380,3.237,5.099,0.000,1.000,0.667,0.000,0.222,6.461,10.178,1.331,172.791,272.185,35.604,2.159,;
/*,452,*/,000010100001000000110111000100,0,0,0,0,0,0,0,0,1,0,0.060,0.120,2.901,385.159,3.234,6.306,0.000,1.000,0.091,0.091,0.545,9.382,18.294,0.264,1245.604,2428.813,35.049,0.294,;
/*,453,*/,000010000100001000100000000001,0,0,0,0,0,0,0,0,0,1,0.083,0.182,2.649,53.603,3.025,9.915,0.000,0.000,0.000,1.000,0.000,8.013,26.265,0.000,162.149,531.474,0.000,0.000,;
/*,454,*/,000010101100011000001001100001,0,0,0,0,0,0,0,0,0,1,0.083,0.250,3.534,88.707,3.610,11.260,0.000,0.000,0.000,1.000,0.000,12.758,39.793,0.000,320.232,998.841,0.000,0.000,;
/*,455,*/,000010000000010000110100000000,0,0,0,0,0,0,0,0,0,1,0.098,0.333,4.273,28.370,3.343,11.455,0.000,0.000,0.000,1.000,0.000,14.285,48.947,0.000,94.841,324.978,0.000,0.000,;
/*,456,*/,000010010001000010101000000000,0,0,0,0,1,0,0,0,0,0,0.079,0.300,2.152,128.283,4.062,9.452,0.000,0.000,0.000,1.000,0.000,8.741,20.341,0.000,521.086,1212.531,0.000,0.000,;
/*,457,*/,000010110010001000100000101010,0,0,0,0,1,0,0,0,0,0,0.057,0.105,1.839,209.733,3.194,8.015,0.100,0.400,0.000,0.700,0.000,5.874,14.740,0.000,669.887,1681.010,0.000,0.000,;
/*,458,*/,000010111000001000100100100000,0,0,1,0,0,0,0,0,0,0,0.099,0.400,3.805,709.384,11.381,16.789,0.000,0.000,0.000,0.667,0.000,43.305,63.882,0.000,8073.499,11909.848,0.000,0.000,;
/*,459,*/,000010001000001000000110001010,0,0,1,0,0,0,0,0,0,0,0.080,0.167,2.137,174.869,11.133,17.425,0.000,0.000,0.000,0.429,0.000,23.791,37.237,0.000,1946.817,3047.092,0.000,0.000,;
/*,460,*/,000010010100001010011000000000,1,0,0,0,0,0,0,0,0,0,0.076,0.231,0.900,200.487,9.189,18.336,0.000,0.000,0.000,0.571,0.000,8.270,16.502,0.000,1842.275,3676.130,0.000,0.000,;
/*,461,*/,000010100000010010000000011101,1,0,0,0,0,0,0,0,0,0,0.089,0.250,2.079,28.986,5.583,29.351,0.286,0.000,0.000,0.857,0.000,11.607,61.021,0.000,161.829,850.768,0.000,0.000,;
/*,462,*/,000000011100011001010000100000,0,0,0,0,0,0,0,0,0,1,0.077,0.214,3.676,167.579,3.044,11.108,0.000,0.000,0.000,1.000,0.000,11.190,40.833,0.000,510.110,1861.468,0.000,0.000,;
/*,463,*/,000000011000100000000100000100,0,0,0,0,1,0,0,0,0,0,0.066,0.182,1.777,1674.242,4.961,11.431,0.000,0.000,0.000,0.714,0.000,8.816,20.313,0.000,8305.915,19138.260,0.000,0.000,;
/*,464,*/,000000111010100000101010000010,0,0,0,0,1,0,0,0,0,0,0.064,0.167,1.943,172.501,2.253,6.588,0.100,0.800,0.000,0.500,0.100,4.378,12.800,0.000,388.645,1136.437,0.000,0.000,;
/*,465,*/,000000110001000011011100000100,0,0,0,0,0,0,0,1,0,0,0.059,0.133,3.217,611.823,3.445,5.184,0.000,0.900,0.250,0.083,0.583,11.083,16.677,0.804,2107.730,3171.690,152.956,0.861,;
/*,466,*/,000000010101000001000100110111,0,0,0,0,0,0,0,1,0,0,0.064,0.136,1.083,6.606,4.346,4.949,0.000,1.000,0.500,0.071,0.286,4.707,5.360,0.542,28.710,32.693,3.303,2.173,;
/*,467,*/,000000010001000010000001000100,0,0,0,1,0,0,0,0,0,0,0.080,0.182,2.397,4.600,2.678,6.213,0.000,1.000,0.250,0.500,0.250,6.419,14.893,0.599,12.319,28.580,1.150,0.670,;
/*,468,*/,000000110000101000100010000000,0,0,1,0,0,0,0,0,0,0,0.095,0.200,2.133,75.183,9.010,23.322,0.000,0.000,0.000,0.333,0.000,19.218,49.746,0.000,677.399,1753.418,0.000,0.000,;
/*,469,*/,000000110100001000100100000000,0,0,1,0,0,0,0,0,0,0,0.104,0.400,3.082,665.622,8.954,15.664,0.000,0.000,0.000,0.833,0.000,27.596,48.276,0.000,5959.979,10426.303,0.000,0.000,;
/*,470,*/,000000010000001100011000101010,0,0,1,0,0,0,0,0,0,0,0.113,0.500,1.947,114.839,9.176,14.415,0.000,0.000,0.000,0.889,0.000,17.866,28.066,0.000,1053.763,1655.404,0.000,0.000,;
/*,471,*/,000000110101100000001000101000,0,0,0,0,0,1,0,0,0,0,0.088,0.188,3.240,10.346,21.259,33.643,1.000,0.000,0.294,0.353,0.235,68.879,109.003,0.953,219.946,348.070,3.042,6.250,;
/*,472,*/,000000110100000000001000011100,0,0,0,0,0,1,0,0,0,0,0.110,0.182,3.625,88.804,18.940,33.600,0.875,0.000,0.167,0.333,0.167,68.658,121.800,0.605,1681.948,2983.814,14.830,3.163,;
/*,473,*/,000000010011001001001000100001,0,0,0,0,0,0,0,0,0,1,0.095,0.267,4.231,333.233,4.330,13.531,0.000,0.000,0.182,0.818,0.000,18.320,57.250,0.770,1442.899,4508.976,60.648,0.788,;
/*,474,*/,000000011101001000100000010000,0,0,0,0,0,0,0,0,0,1,0.076,0.143,2.278,74.461,4.620,14.230,0.000,0.000,0.111,0.889,0.000,10.524,32.416,0.253,344.010,1059.580,8.265,0.513,;
/*,475,*/,000000011010000000000111100000,0,0,0,0,0,0,0,0,0,1,0.084,0.182,3.622,51.651,2.764,12.570,0.000,0.000,0.000,1.000,0.000,10.011,45.529,0.000,142.763,649.253,0.000,0.000,;
/*,476,*/,000000011000001000001110000010,0,0,0,0,0,0,0,0,0,1,0.074,0.182,1.757,16.987,3.748,14.036,0.000,0.000,0.333,0.667,0.000,6.585,24.661,0.585,63.667,238.430,5.657,1.248,;
/*,477,*/,000000110100101001100000100000,0,0,0,0,0,0,0,0,0,1,0.072,0.158,2.662,340.098,4.086,14.082,0.000,0.000,0.250,0.667,0.000,10.877,37.486,0.666,1389.640,4789.260,85.025,1.022,;
/*,478,*/,000000011010101000000000100000,0,0,0,0,0,0,0,0,0,1,0.096,0.182,3.529,42.510,3.198,10.840,0.000,0.000,0.000,1.000,0.000,11.286,38.254,0.000,135.947,460.808,0.000,0.000,;
/*,479,*/,000000100000001110001101001100,0,0,0,0,0,1,0,0,0,0,0.084,0.214,2.172,95.203,14.402,31.473,0.200,0.000,0.083,0.417,0.083,31.281,68.359,0.180,1371.114,2996.324,7.902,1.195,;
/*,480,*/,000000100110110000001010000000,0,0,0,0,0,1,0,0,0,0,0.066,0.077,2.425,16.761,19.777,33.018,0.875,0.000,0.167,0.500,0.167,47.959,80.069,0.405,331.482,553.415,2.799,3.303,;
/*,481,*/,000000100011110000000100100000,0,0,0,0,0,0,0,0,0,1,0.087,0.250,3.800,33.823,2.779,11.586,0.000,0.000,0.000,1.000,0.000,10.560,44.027,0.000,93.994,391.873,0.000,0.000,;
/*,482,*/,000000101100000100100000101000,0,0,0,0,0,0,0,0,0,1,0.074,0.167,3.405,125.460,3.445,10.458,0.000,0.000,0.000,1.000,0.000,11.730,35.609,0.000,432.210,1312.061,0.000,0.000,;
/*,483,*/,000000101000001101010010100000,0,0,0,0,0,0,0,0,0,1,0.092,0.214,3.799,272.576,3.649,12.748,0.000,0.000,0.111,0.889,0.000,13.863,48.430,0.422,994.630,3474.799,30.256,0.405,;
/*,484,*/,000000101101011100000000000010,0,0,0,0,0,0,0,0,0,1,0.072,0.143,3.138,105.843,3.709,12.204,0.000,0.000,0.091,0.909,0.000,11.639,38.296,0.286,392.572,1291.708,9.632,0.338,;
/*,485,*/,000000101100001110110100000000,0,0,1,0,0,0,0,0,0,0,0.085,0.333,2.617,1124.675,6.571,12.011,0.000,0.222,0.000,0.667,0.111,17.196,31.433,0.000,7390.239,13508.471,0.000,0.000,;
/*,486,*/,000000100000001000101000111000,0,0,1,0,0,0,0,0,0,0,0.095,0.188,3.125,1262.864,9.260,14.096,0.143,0.000,0.000,0.857,0.000,28.938,44.050,0.000,11694.121,17801.331,0.000,0.000,;
/*,487,*/,000000101000000001111000110000,0,0,0,0,0,0,0,0,1,0,0.053,0.118,2.216,121.419,3.178,6.295,0.000,1.000,0.000,0.000,0.600,7.042,13.950,0.000,385.870,764.333,0.000,0.000,;
/*,488,*/,000000101100010100000000011000,0,0,0,1,0,0,0,0,0,0,0.064,0.118,1.331,51.632,3.868,4.702,0.000,0.600,0.286,0.143,0.286,5.148,6.258,0.381,199.713,242.774,14.767,1.106,;
/*,489,*/,000000100001000110100010101001,0,0,0,1,0,0,0,0,0,0,0.065,0.238,2.959,561.626,3.040,7.479,0.000,1.000,0.000,0.273,0.182,8.995,22.130,0.000,1707.343,4200.401,0.000,0.000,;
/*,490,*/,000000100100101010000100000100,0,0,0,1,0,0,0,0,0,0,0.106,0.455,3.537,78.234,2.429,4.849,0.000,0.875,0.250,0.500,0.167,8.591,17.151,0.884,190.030,379.357,19.559,0.607,;
/*,491,*/,000000100000000101001000010001,0,0,0,1,0,0,0,0,0,0,0.067,0.125,2.402,132.426,3.701,6.190,0.000,1.000,0.111,0.222,0.222,8.890,14.868,0.267,490.109,819.717,14.699,0.411,;
/*,492,*/,000000000100011110010000000000,1,0,0,0,0,0,0,0,0,0,0.069,0.111,2.261,5763.530,7.028,15.898,0.000,0.400,0.000,0.600,0.000,15.890,35.945,0.000,40506.089,91628.600,0.000,0.000,;
/*,493,*/,000000000100011100001110101010,0,0,0,0,0,0,0,0,0,1,0.077,0.333,2.845,154.302,3.924,13.231,0.000,0.000,0.143,0.857,0.000,11.164,37.642,0.407,605.481,2041.570,22.065,0.561,;
/*,494,*/,000000001100100000100000110001,0,0,0,0,0,0,0,0,0,1,0.083,0.214,3.596,19.571,5.149,12.199,0.000,0.000,0.000,0.857,0.000,18.516,43.868,0.000,100.771,238.747,0.000,0.000,;
/*,495,*/,000000000101011010100010000000,0,0,0,0,1,0,0,0,0,0,0.082,0.300,1.947,161.695,3.402,8.998,0.000,0.000,0.000,1.000,0.000,6.624,17.519,0.000,550.086,1454.932,0.000,0.000,;
/*,496,*/,000000001100010000001011110001,0,0,0,0,0,0,0,0,0,1,0.070,0.176,2.851,224.310,2.570,9.290,0.000,0.000,0.000,1.000,0.000,7.327,26.486,0.000,576.477,2083.840,0.000,0.000,;
/*,497,*/,000000000101000110001011011011,0,0,0,1,0,0,0,0,0,0,0.057,0.125,1.965,22.745,3.270,6.611,0.000,1.000,0.000,0.286,0.286,6.426,12.991,0.000,74.376,150.367,0.000,0.000,;
/*,498,*/,000000001100000000001001110000,0,0,0,1,0,0,0,0,0,0,0.067,0.133,2.866,43.313,3.506,4.385,0.000,0.750,0.167,0.167,0.500,10.048,12.567,0.479,151.855,189.928,7.233,0.586,;
/*,499,*/,000000001000010000001100010000,0,0,0,0,0,0,0,0,0,1,0.080,0.182,1.538,24.499,3.864,14.273,0.000,0.000,0.250,0.625,0.000,5.943,21.952,0.385,94.664,349.674,6.125,0.966,;
/*,500,*/,000000001001110001010001100000,0,0,0,0,0,0,0,0,0,1,0.070,0.154,1.985,119.184,3.434,10.271,0.000,0.000,0.000,1.000,0.000,6.816,20.388,0.000,409.278,1224.139,0.000,0.000,;
/*,501,*/,000000001000001101001001010010,0,0,0,0,0,0,0,0,0,1,0.087,0.250,2.784,153.227,4.017,13.560,0.000,0.000,0.231,0.769,0.000,11.183,37.751,0.643,615.513,2077.758,35.395,0.928,;
/*,502,*/,000000001000011010101000000010,0,0,0,0,0,0,0,0,0,1,0.080,0.167,1.797,47.601,3.473,13.028,0.000,0.000,0.000,1.000,0.000,6.241,23.411,0.000,165.318,620.146,0.000,0.000,;
/*,503,*/,000000001011001000111010100000,0,0,0,0,0,0,0,0,0,1,0.090,0.267,4.644,271.935,3.347,12.162,0.000,0.000,0.091,0.909,0.000,15.543,56.480,0.423,910.166,3307.273,24.746,0.305,;
/*,504,*/,000000001001100100000000000011,0,0,0,0,0,0,0,1,0,0,0.081,0.214,2.185,67.487,2.478,2.832,0.000,0.500,0.500,0.000,0.000,5.414,6.188,1.093,167.233,191.123,33.744,1.239,;
/*,505,*/,000000001010000001010111000001,0,0,0,1,0,0,0,0,0,0,0.059,0.111,2.175,49.303,5.328,5.417,0.000,1.000,0.417,0.167,0.167,11.588,11.782,0.907,262.686,267.074,20.559,2.222,;
/*,506,*/,000000000011001001100100100000,0,0,0,0,0,0,0,0,0,1,0.067,0.077,2.181,97.326,5.290,16.897,0.000,0.000,0.333,0.500,0.000,11.537,36.852,0.726,514.855,1644.517,32.410,1.762,;
/*,507,*/,000000000001000100001110101111,0,0,0,0,0,0,0,0,1,0,0.066,0.200,4.912,992.060,3.418,6.543,0.000,1.000,0.167,0.083,0.500,16.789,32.139,0.820,3390.861,6491.049,165.674,0.571,;
/*,508,*/,000000000010011001110000100000,0,0,0,0,1,0,0,0,0,0,0.069,0.091,1.724,70.193,3.071,9.149,0.000,0.000,0.000,1.000,0.000,5.294,15.773,0.000,215.563,642.196,0.000,0.000,;
/*,509,*/,000000000000001100010100101000,0,0,1,0,0,0,0,0,0,0,0.114,0.500,1.627,35.563,9.793,14.177,0.000,0.000,0.000,1.000,0.000,15.933,23.066,0.000,348.268,504.177,0.000,0.000,;
/*,510,*/,000000000000001101100000001010,1,0,0,0,0,0,0,0,0,0,0.100,0.273,1.666,789.883,4.067,31.284,0.143,0.000,0.000,0.143,0.000,6.776,52.119,0.000,3212.454,24710.700,0.000,0.000,;
/*,511,*/,000000000000000001011000110100,0,0,1,0,0,0,0,0,0,0,0.092,0.167,2.039,318.169,8.846,14.560,0.143,0.000,0.000,0.571,0.000,18.037,29.688,0.000,2814.523,4632.541,0.000,0.000,;
/*,512,*/,000000000000000000011000111110,0,0,0,0,0,1,0,0,0,0,0.093,0.200,1.707,18.783,15.175,29.145,0.667,0.000,0.000,0.000,0.000,25.904,49.751,0.000,285.032,547.431,0.000,0.000,;